true_junction_id,true_junction_index,true_zone_id,x,y,leak_magnitude,pred_zone,top1_correct,top3_zones,top3_probabilities,top3_correct
n4,4,13,186.62,1326.65,1.58095345406131,30,False,30|13|9,0.631930|0.362251|0.002612,True
n4,4,13,186.62,1326.65,0.526440727076374,13,True,13|30|9,0.847580|0.139044|0.004257,True
n4,4,13,186.62,1326.65,1.58094558724018,30,False,30|13|9,0.781378|0.210799|0.003748,True
n4,4,13,186.62,1326.65,1.19839805676886,13,True,13|30|9,0.598882|0.395591|0.002547,True
n4,4,13,186.62,1326.65,2.09665910530573,13,True,13|30|9,0.712331|0.285104|0.001187,True
n4,4,13,186.62,1326.65,1.06278866535869,13,True,13|30|24,0.645686|0.346997|0.002379,True
n4,4,13,186.62,1326.65,0.916413557504618,30,False,30|13|9,0.730196|0.258089|0.004119,True
n4,4,13,186.62,1326.65,1.02362753069905,13,True,13|30|9,0.883339|0.112233|0.001950,True
n4,4,13,186.62,1326.65,1.47316009203013,30,False,30|13|9,0.821467|0.174056|0.002220,True
n4,4,13,186.62,1326.65,1.54509680732423,13,True,13|30|9,0.741531|0.252144|0.002918,True
n4,4,13,186.62,1326.65,0.794748062629765,13,True,13|30|24,0.955424|0.037864|0.003505,True
n4,4,13,186.62,1326.65,1.38362239227836,13,True,13|30|9,0.621632|0.372959|0.002662,True
n4,4,13,186.62,1326.65,2.00899790976058,30,False,30|13|9,0.610717|0.385060|0.001155,True
n4,4,13,186.62,1326.65,1.50261528861836,13,True,13|30|9,0.672518|0.315680|0.004660,True
n4,4,13,186.62,1326.65,0.818252568606409,30,False,30|13|6,0.630014|0.362806|0.003034,True
n4,4,13,186.62,1326.65,2.14656702484838,13,True,13|30|9,0.629294|0.352582|0.007559,True
n4,4,13,186.62,1326.65,2.08031793353207,13,True,13|30|24,0.585299|0.409688|0.001972,True
n4,4,13,186.62,1326.65,0.814176661191171,30,False,30|13|9,0.629794|0.346485|0.008181,True
n4,4,13,186.62,1326.65,2.04840652347182,13,True,13|30|9,0.507264|0.484219|0.003932,True
n4,4,13,186.62,1326.65,0.529548696092852,13,True,13|30|9,0.533530|0.447030|0.013111,True
n14,14,13,302.24,1279.26,1.43837212076114,13,True,13|30|9,0.971451|0.020714|0.005034,True
n14,14,13,302.24,1279.26,1.19600723785919,13,True,13|30|24,0.960773|0.013755|0.012380,True
n14,14,13,302.24,1279.26,0.967634818866149,30,False,30|13|9,0.814569|0.179516|0.003926,True
n14,14,13,302.24,1279.26,0.492442235839456,13,True,13|24|30,0.841919|0.077942|0.044166,True
n14,14,13,302.24,1279.26,1.54926415403249,13,True,13|30|9,0.967050|0.015873|0.007301,True
n14,14,13,302.24,1279.26,1.01431848734682,30,False,30|9|13,0.528705|0.204325|0.165053,True
n14,14,13,302.24,1279.26,0.800098111449688,13,True,13|30|24,0.940338|0.026718|0.016079,True
n14,14,13,302.24,1279.26,1.11389337612998,13,True,13|30|9,0.951691|0.025422|0.016048,True
n14,14,13,302.24,1279.26,1.2069452733209,13,True,13|30|24,0.957911|0.025371|0.012982,True
n14,14,13,302.24,1279.26,0.867874684565144,13,True,13|24|30,0.930559|0.036764|0.020291,True
n14,14,13,302.24,1279.26,1.58178593209967,13,True,13|30|9,0.986560|0.006245|0.005007,True
n14,14,13,302.24,1279.26,1.46888798825348,13,True,13|30|9,0.956675|0.032385|0.006851,True
n14,14,13,302.24,1279.26,0.83031977987549,13,True,13|30|9,0.838337|0.066860|0.051802,True
n14,14,13,302.24,1279.26,1.08959484096327,13,True,13|30|9,0.954086|0.030341|0.009541,True
n14,14,13,302.24,1279.26,1.27540877282492,13,True,13|24|30,0.983494|0.006364|0.005922,True
n14,14,13,302.24,1279.26,1.26662594702242,13,True,13|30|9,0.958045|0.035218|0.004483,True
n14,14,13,302.24,1279.26,1.01866027335847,13,True,13|30|24,0.986210|0.004244|0.003933,True
n14,14,13,302.24,1279.26,0.804963068854267,13,True,13|30|6,0.753725|0.228300|0.006510,True
n14,14,13,302.24,1279.26,1.8698976456204,13,True,13|30|9,0.987669|0.006348|0.004382,True
n14,14,13,302.24,1279.26,1.39538256028186,13,True,13|9|30,0.993004|0.002973|0.002326,True
n18,18,13,331.16,1227.21,0.763167342608899,13,True,13|9|24,0.661363|0.239523|0.086064,True
n18,18,13,331.16,1227.21,0.958995927200726,13,True,13|9|24,0.687525|0.275194|0.032617,True
n18,18,13,331.16,1227.21,2.29350713592811,13,True,13|9|6,0.923617|0.069119|0.004354,True
n18,18,13,331.16,1227.21,1.34715174241895,13,True,13|6|9,0.874297|0.069452|0.049236,True
n18,18,13,331.16,1227.21,0.95857389464893,13,True,13|9|24,0.931834|0.054883|0.008553,True
n18,18,13,331.16,1227.21,1.87718691463697,13,True,13|9|24,0.969677|0.027860|0.000937,True
n18,18,13,331.16,1227.21,0.764228522755999,13,True,13|9|24,0.870841|0.115398|0.007761,True
n18,18,13,331.16,1227.21,1.41316102357102,13,True,13|9|24,0.787626|0.201095|0.007505,True
n18,18,13,331.16,1227.21,1.92181237780794,13,True,13|9|6,0.984390|0.012620|0.001632,True
n18,18,13,331.16,1227.21,2.17945867434494,13,True,13|9|24,0.983811|0.012279|0.003040,True
n18,18,13,331.16,1227.21,1.06259026488344,13,True,13|9|6,0.978954|0.017624|0.001261,True
n18,18,13,331.16,1227.21,1.07693106357753,13,True,13|24|9,0.980378|0.008847|0.005054,True
n18,18,13,331.16,1227.21,0.776915873273773,9,False,9|6|24,0.514130|0.205111|0.096433,False
n18,18,13,331.16,1227.21,0.962262260740696,13,True,13|6|9,0.964347|0.022617|0.009770,True
n18,18,13,331.16,1227.21,1.31111265169448,13,True,13|9|24,0.958427|0.036812|0.002459,True
n18,18,13,331.16,1227.21,1.31701894506708,13,True,13|9|6,0.924363|0.064331|0.005528,True
n18,18,13,331.16,1227.21,0.946734221425584,13,True,13|9|6,0.740727|0.118196|0.115793,True
n18,18,13,331.16,1227.21,0.535567335086689,6,False,6|13|30,0.484344|0.239693|0.177973,True
n18,18,13,331.16,1227.21,1.25015936844138,13,True,13|9|6,0.930727|0.045210|0.014845,True
n18,18,13,331.16,1227.21,0.555313085133586,13,True,13|9|24,0.458702|0.453681|0.077737,True
n27,27,13,378.84,1136.18,1.52486168791944,9,False,9|13|24,0.758959|0.238479|0.000796,True
n27,27,13,378.84,1136.18,0.562575790054713,9,False,9|13|24,0.574078|0.280194|0.134462,True
n27,27,13,378.84,1136.18,1.9580728537627,9,False,9|13|24,0.593234|0.395070|0.009100,True
n27,27,13,378.84,1136.18,0.709602571070733,9,False,9|13|24,0.850020|0.139082|0.008821,True
n27,27,13,378.84,1136.18,1.42459235545265,9,False,9|13|24,0.647664|0.346273|0.001690,True
n27,27,13,378.84,1136.18,1.16230861902183,13,True,13|9|24,0.724780|0.272849|0.000589,True
n27,27,13,378.84,1136.18,1.8494951555269,9,False,9|13|24,0.642973|0.354945|0.001125,True
n27,27,13,378.84,1136.18,0.43929768331241,9,False,9|13|24,0.450317|0.357359|0.163310,True
n27,27,13,378.84,1136.18,0.87300955111518,13,True,13|9|24,0.556580|0.419637|0.018975,True
n27,27,13,378.84,1136.18,0.65941723855397,9,False,9|13|24,0.815970|0.159460|0.020246,True
n27,27,13,378.84,1136.18,1.63106541149486,13,True,13|9|24,0.526261|0.470681|0.001294,True
n27,27,13,378.84,1136.18,1.49048093988796,9,False,9|13|24,0.572347|0.423998|0.001196,True
n27,27,13,378.84,1136.18,1.47575807269434,13,True,13|9|24,0.562539|0.431613|0.002717,True
n27,27,13,378.84,1136.18,2.03124713044922,13,True,13|9|24,0.610971|0.384601|0.001902,True
n27,27,13,378.84,1136.18,0.804785683744935,9,False,9|13|24,0.735369|0.248290|0.013553,True
n27,27,13,378.84,1136.18,0.507729435646796,13,True,13|9|24,0.554815|0.386781|0.050236,True
n27,27,13,378.84,1136.18,0.93246623309657,13,True,13|9|24,0.771537|0.211235|0.012196,True
n27,27,13,378.84,1136.18,0.984015641342022,13,True,13|9|24,0.555911|0.385303|0.053044,True
n27,27,13,378.84,1136.18,1.44726518488479,13,True,13|9|24,0.834152|0.160699|0.002420,True
n27,27,13,378.84,1136.18,1.79520970581965,13,True,13|9|24,0.689149|0.307484|0.002032,True
n28,28,9,305.94,1008.07,1.23424035043357,9,True,9|13|6,0.718284|0.279371|0.000482,True
n28,28,9,305.94,1008.07,0.845790883875121,13,False,13|9|24,0.739006|0.239013|0.019215,True
n28,28,9,305.94,1008.07,0.495007552058719,9,True,9|6|24,0.409624|0.239590|0.207312,True
n28,28,9,305.94,1008.07,0.687194132773557,9,True,9|13|24,0.614955|0.352343|0.028118,True
n28,28,9,305.94,1008.07,1.9829302918475,9,True,9|13|24,0.650132|0.346116|0.001463,True
n28,28,9,305.94,1008.07,1.38807564762325,9,True,9|13|24,0.865386|0.129865|0.003155,True
n28,28,9,305.94,1008.07,1.23067813903219,9,True,9|13|24,0.587996|0.397857|0.007349,True
n28,28,9,305.94,1008.07,0.804722734442394,9,True,9|13|24,0.797687|0.189682|0.010928,True
n28,28,9,305.94,1008.07,1.0337657741791,9,True,9|13|24,0.846199|0.138901|0.012547,True
n28,28,9,305.94,1008.07,0.666211831906605,9,True,9|24|13,0.792359|0.102288|0.101728,True
n28,28,9,305.94,1008.07,0.955729865143406,9,True,9|13|24,0.607510|0.387717|0.001230,True
n28,28,9,305.94,1008.07,0.54539362846411,9,True,9|13|24,0.700506|0.226119|0.069312,True
n28,28,9,305.94,1008.07,0.537978479833916,13,False,13|9|24,0.594841|0.372072|0.019270,True
n28,28,9,305.94,1008.07,0.678674810595195,13,False,13|9|24,0.800276|0.184606|0.011224,True
n28,28,9,305.94,1008.07,2.09959553123516,9,True,9|13|24,0.776991|0.215299|0.004250,True
n28,28,9,305.94,1008.07,1.70969163016484,9,True,9|13|24,0.587712|0.406546|0.002584,True
n28,28,9,305.94,1008.07,0.776739246416991,13,False,13|9|6,0.818208|0.169626|0.008403,True
n28,28,9,305.94,1008.07,1.07761201669279,9,True,9|13|24,0.815941|0.179342|0.002065,True
n28,28,9,305.94,1008.07,0.857071831089671,9,True,9|13|24,0.528070|0.456993|0.007786,True
n28,28,9,305.94,1008.07,0.569407384519647,9,True,9|13|24,0.631244|0.328488|0.032424,True
n37,37,9,405.03,1063.3,0.483822894370268,6,False,6|24|13,0.562279|0.351764|0.037084,False
n37,37,9,405.03,1063.3,0.581428345381991,24,False,24|9|13,0.576729|0.160543|0.156485,True
n37,37,9,405.03,1063.3,1.16403369863911,9,True,9|13|24,0.596986|0.322032|0.074150,True
n37,37,9,405.03,1063.3,2.13514655847765,9,True,9|13|24,0.667137|0.327010|0.001829,True
n37,37,9,405.03,1063.3,0.828362858476799,9,True,9|13|24,0.621549|0.274075|0.099892,True
n37,37,9,405.03,1063.3,0.787923554760982,9,True,9|24|13,0.959638|0.025399|0.013011,True
n37,37,9,405.03,1063.3,1.07744840096782,9,True,9|13|24,0.495984|0.249158|0.242781,True
n37,37,9,405.03,1063.3,0.868349606403669,9,True,9|13|24,0.809672|0.176917|0.010217,True
n37,37,9,405.03,1063.3,1.24667824672761,13,False,13|9|24,0.568445|0.378404|0.050464,True
n37,37,9,405.03,1063.3,1.33974071440925,9,True,9|13|24,0.477813|0.349989|0.166004,True
n37,37,9,405.03,1063.3,2.18579407121431,9,True,9|13|24,0.673149|0.314259|0.009590,True
n37,37,9,405.03,1063.3,1.32094947671262,13,False,13|9|24,0.465783|0.425053|0.102912,True
n37,37,9,405.03,1063.3,1.16070542423454,13,False,13|9|24,0.573832|0.370757|0.053454,True
n37,37,9,405.03,1063.3,0.770750074422891,13,False,13|9|24,0.486245|0.437625|0.072380,True
n37,37,9,405.03,1063.3,1.5345153981183,13,False,13|9|24,0.500622|0.487026|0.008147,True
n37,37,9,405.03,1063.3,1.17608541095792,13,False,13|24|9,0.695989|0.163077|0.135727,True
n37,37,9,405.03,1063.3,1.03609193403786,24,False,24|13|6,0.410576|0.292585|0.172916,False
n37,37,9,405.03,1063.3,0.490655079091703,9,True,9|13|24,0.617869|0.227233|0.127988,True
n37,37,9,405.03,1063.3,0.445038134819784,9,True,9|24|6,0.548864|0.214207|0.125438,True
n37,37,9,405.03,1063.3,1.11409403106575,9,True,9|13|24,0.521392|0.248079|0.222694,True
n38,38,9,288.82,853.94,0.980848296554923,13,False,13|9|24,0.838825|0.156292|0.001914,True
n38,38,9,288.82,853.94,1.05796027098026,9,True,9|13|24,0.700886|0.291274|0.003676,True
n38,38,9,288.82,853.94,2.03758690089974,9,True,9|13|24,0.502956|0.491549|0.003048,True
n38,38,9,288.82,853.94,0.996815334124561,9,True,9|13|24,0.523757|0.460377|0.011010,True
n38,38,9,288.82,853.94,0.975031686671003,13,False,13|9|24,0.596337|0.393436|0.004715,True
n38,38,9,288.82,853.94,1.21774476655903,9,True,9|13|24,0.891253|0.099223|0.004669,True
n38,38,9,288.82,853.94,0.777889604381704,9,True,9|13|24,0.784447|0.203832|0.007940,True
n38,38,9,288.82,853.94,0.864686598069363,13,False,13|9|24,0.542039|0.417097|0.035965,True
n38,38,9,288.82,853.94,1.49882436888167,9,True,9|13|24,0.664987|0.329519|0.004083,True
n38,38,9,288.82,853.94,2.19636841995073,9,True,9|13|24,0.826779|0.167698|0.002140,True
n38,38,9,288.82,853.94,0.750410910414446,13,False,13|9|24,0.544790|0.405194|0.045672,True
n38,38,9,288.82,853.94,1.44214173860065,9,True,9|13|24,0.635982|0.361090|0.000849,True
n38,38,9,288.82,853.94,1.27747923827163,9,True,9|13|24,0.848328|0.146127|0.001899,True
n38,38,9,288.82,853.94,1.50599459083965,9,True,9|13|24,0.509932|0.469801|0.013686,True
n38,38,9,288.82,853.94,0.69244825059819,9,True,9|13|24,0.924534|0.062217|0.009025,True
n38,38,9,288.82,853.94,0.533878780283249,9,True,9|13|24,0.547730|0.446404|0.002636,True
n38,38,9,288.82,853.94,0.783305410998616,9,True,9|13|24,0.796030|0.166728|0.033361,True
n38,38,9,288.82,853.94,1.28086194476689,9,True,9|13|24,0.655205|0.340448|0.001493,True
n38,38,9,288.82,853.94,0.907904508155609,13,False,13|9|24,0.585944|0.406568|0.005331,True
n38,38,9,288.82,853.94,1.34284958667948,9,True,9|13|24,0.572412|0.418938|0.005418,True
n47,47,24,570.9,1208.08,2.39350322935581,24,True,24|7|9,0.954561|0.043105|0.000895,True
n47,47,24,570.9,1208.08,0.747868921090937,24,True,24|7|18,0.826662|0.162670|0.003601,True
n47,47,24,570.9,1208.08,1.07662741148307,24,True,24|7|18,0.600953|0.394074|0.002810,True
n47,47,24,570.9,1208.08,0.488835157889051,24,True,24|7|18,0.980167|0.014240|0.003577,True
n47,47,24,570.9,1208.08,0.777175385853092,24,True,24|7|18,0.700979|0.291251|0.002886,True
n47,47,24,570.9,1208.08,1.17302687209804,7,False,7|24|18,0.663109|0.321686|0.009158,True
n47,47,24,570.9,1208.08,2.04944323416806,24,True,24|7|9,0.943850|0.054585|0.000488,True
n47,47,24,570.9,1208.08,2.07987671509525,24,True,24|7|9,0.939185|0.058435|0.000512,True
n47,47,24,570.9,1208.08,1.26552429754358,24,True,24|7|9,0.927850|0.070556|0.000623,True
n47,47,24,570.9,1208.08,2.14892047757675,24,True,24|7|9,0.689912|0.303827|0.002425,True
n47,47,24,570.9,1208.08,1.216506464686,24,True,24|7|18,0.989180|0.009324|0.000691,True
n47,47,24,570.9,1208.08,1.22892310605386,7,False,7|24|18,0.561162|0.430890|0.004708,True
n47,47,24,570.9,1208.08,0.512169793594759,24,True,24|18|7,0.797333|0.167435|0.020855,True
n47,47,24,570.9,1208.08,0.771087854139939,24,True,24|7|18,0.815766|0.181702|0.000799,True
n47,47,24,570.9,1208.08,1.55239568985851,24,True,24|7|18,0.939547|0.057997|0.001385,True
n47,47,24,570.9,1208.08,1.03562572429907,24,True,24|7|5,0.691400|0.306933|0.000378,True
n47,47,24,570.9,1208.08,0.479219609663187,7,False,7|24|18,0.761342|0.164104|0.063269,True
n47,47,24,570.9,1208.08,0.490492742261945,24,True,24|7|18,0.890679|0.088398|0.015774,True
n47,47,24,570.9,1208.08,0.487655308808552,24,True,24|7|18,0.822600|0.157818|0.012715,True
n47,47,24,570.9,1208.08,0.9236835466424,24,True,24|7|18,0.895210|0.102765|0.000913,True
n63,63,18,761.12,1142.36,1.28246563204725,7,False,7|18|9,0.539358|0.455080|0.001541,True
n63,63,18,761.12,1142.36,1.03950284612389,18,True,18|7|9,0.957936|0.040315|0.000717,True
n63,63,18,761.12,1142.36,1.35863383493554,18,True,18|7|9,0.915356|0.082558|0.001098,True
n63,63,18,761.12,1142.36,0.889670735044658,7,False,7|18|24,0.814851|0.178172|0.003083,True
n63,63,18,761.12,1142.36,0.768378757418097,18,True,18|7|9,0.731378|0.265256|0.002178,True
n63,63,18,761.12,1142.36,2.00560238644354,7,False,7|18|9,0.634495|0.355108|0.006167,True
n63,63,18,761.12,1142.36,1.04297963867697,18,True,18|7|9,0.941667|0.053427|0.002732,True
n63,63,18,761.12,1142.36,1.03839083538239,18,True,18|7|8,0.648302|0.347574|0.001024,True
n63,63,18,761.12,1142.36,0.516300690042487,18,True,18|7|5,0.577566|0.188475|0.127040,True
n63,63,18,761.12,1142.36,0.774732008726999,18,True,18|7|9,0.912445|0.084115|0.001970,True
n63,63,18,761.12,1142.36,2.04389598621007,18,True,18|7|9,0.978744|0.017314|0.001854,True
n63,63,18,761.12,1142.36,1.07310982952283,18,True,18|7|9,0.530279|0.461650|0.002497,True
n63,63,18,761.12,1142.36,0.975890643110919,7,False,7|18|9,0.744047|0.250333|0.001719,True
n63,63,18,761.12,1142.36,0.688205819766269,18,True,18|7|9,0.708139|0.287348|0.002233,True
n63,63,18,761.12,1142.36,0.504518836201945,18,True,18|7|9,0.931795|0.065533|0.001050,True
n63,63,18,761.12,1142.36,1.26799995716203,18,True,18|7|24,0.732872|0.264151|0.000890,True
n63,63,18,761.12,1142.36,1.90398775662986,18,True,18|7|5,0.905382|0.091286|0.001199,True
n63,63,18,761.12,1142.36,0.809890863499117,7,False,7|5|18,0.881871|0.073502|0.033611,True
n63,63,18,761.12,1142.36,1.48654024730705,7,False,7|18|8,0.499529|0.496867|0.001030,True
n63,63,18,761.12,1142.36,1.35962402935865,7,False,7|18|9,0.735373|0.259503|0.001778,True
n65,65,18,760.67,1111.34,0.865649271000033,7,False,7|18|5,0.636000|0.348307|0.007239,True
n65,65,18,760.67,1111.34,1.22241239290496,7,False,7|18|24,0.695272|0.300611|0.000972,True
n65,65,18,760.67,1111.34,1.34383366721797,18,True,18|7|24,0.511977|0.482707|0.001436,True
n65,65,18,760.67,1111.34,0.99920206009045,18,True,18|7|24,0.811493|0.181053|0.003217,True
n65,65,18,760.67,1111.34,1.30983372621567,18,True,18|7|9,0.617073|0.377499|0.002867,True
n65,65,18,760.67,1111.34,1.57798131276237,18,True,18|7|24,0.939832|0.057204|0.000880,True
n65,65,18,760.67,1111.34,1.48739771175092,18,True,18|7|9,0.920133|0.074931|0.002267,True
n65,65,18,760.67,1111.34,1.01320188072914,18,True,18|7|9,0.974432|0.020382|0.002837,True
n65,65,18,760.67,1111.34,1.44088804011893,18,True,18|7|9,0.910119|0.087472|0.001042,True
n65,65,18,760.67,1111.34,1.16906332601035,18,True,18|7|5,0.935605|0.061526|0.001207,True
n65,65,18,760.67,1111.34,1.50274367010104,7,False,7|18|9,0.501413|0.491555|0.002593,True
n65,65,18,760.67,1111.34,1.74108039285165,18,True,18|7|9,0.801704|0.117827|0.071869,True
n65,65,18,760.67,1111.34,1.31773328745349,18,True,18|7|9,0.935098|0.060333|0.003290,True
n65,65,18,760.67,1111.34,1.29709001061406,18,True,18|7|9,0.697925|0.299335|0.001167,True
n65,65,18,760.67,1111.34,1.37125459344579,18,True,18|7|9,0.971854|0.023193|0.003584,True
n65,65,18,760.67,1111.34,1.725863499594,18,True,18|7|9,0.983131|0.016282|0.000277,True
n65,65,18,760.67,1111.34,0.890392511698316,18,True,18|7|9,0.763190|0.232566|0.002622,True
n65,65,18,760.67,1111.34,2.02040999974252,18,True,18|7|9,0.945188|0.052529|0.000723,True
n65,65,18,760.67,1111.34,1.30483905597488,18,True,18|7|9,0.701292|0.295709|0.001549,True
n65,65,18,760.67,1111.34,1.15131315903909,7,False,7|18|24,0.820184|0.174145|0.001442,True
n66,66,18,722.29,1043.96,0.875298814285853,18,True,18|7|9,0.949389|0.044178|0.002343,True
n66,66,18,722.29,1043.96,0.769217215863957,18,True,18|7|8,0.889531|0.099787|0.002432,True
n66,66,18,722.29,1043.96,0.402865383148909,18,True,18|7|9,0.731311|0.237008|0.015129,True
n66,66,18,722.29,1043.96,1.83600548050094,18,True,18|9|7,0.990815|0.007401|0.001237,True
n66,66,18,722.29,1043.96,0.484700059038683,7,False,7|18|9,0.672540|0.138162|0.102017,True
n66,66,18,722.29,1043.96,1.37128347749214,18,True,18|7|9,0.992193|0.005687|0.001307,True
n66,66,18,722.29,1043.96,0.751651643865945,7,False,7|18|9,0.602656|0.394164|0.001280,True
n66,66,18,722.29,1043.96,2.19815415728757,18,True,18|7|9,0.984312|0.008993|0.005936,True
n66,66,18,722.29,1043.96,1.23924278471117,18,True,18|7|9,0.827651|0.164133|0.004851,True
n66,66,18,722.29,1043.96,1.03151178965076,18,True,18|7|9,0.951237|0.028308|0.015096,True
n66,66,18,722.29,1043.96,0.504375565679772,18,True,18|7|9,0.963502|0.021995|0.012222,True
n66,66,18,722.29,1043.96,1.25198339542133,18,True,18|7|9,0.964092|0.030707|0.003685,True
n66,66,18,722.29,1043.96,0.447302262144004,18,True,18|7|9,0.868081|0.083047|0.038760,True
n66,66,18,722.29,1043.96,1.56585187928343,18,True,18|7|9,0.969344|0.028631|0.001324,True
n66,66,18,722.29,1043.96,1.6593204274278,18,True,18|7|9,0.975433|0.021956|0.001958,True
n66,66,18,722.29,1043.96,2.19483538397145,18,True,18|7|9,0.966078|0.030805|0.002274,True
n66,66,18,722.29,1043.96,0.48232893243724,18,True,18|9|7,0.856372|0.075471|0.058564,True
n66,66,18,722.29,1043.96,1.41095735695127,18,True,18|7|9,0.995134|0.004103|0.000455,True
n66,66,18,722.29,1043.96,2.04985989813309,18,True,18|7|9,0.989043|0.008473|0.001579,True
n66,66,18,722.29,1043.96,0.728847461412421,18,True,18|7|9,0.935017|0.061455|0.002647,True
n71,71,18,745.58,918.67,2.16354356749924,18,True,18|9|7,0.951587|0.039431|0.006460,True
n71,71,18,745.58,918.67,0.78258910252737,18,True,18|7|5,0.985138|0.011513|0.001487,True
n71,71,18,745.58,918.67,1.88196158632599,18,True,18|7|9,0.993029|0.003402|0.002903,True
n71,71,18,745.58,918.67,1.92538902932783,18,True,18|9|7,0.982236|0.010393|0.006132,True
n71,71,18,745.58,918.67,0.813923591622637,7,False,7|5|18,0.897102|0.079951|0.015748,True
n71,71,18,745.58,918.67,0.496278511413441,18,True,18|7|12,0.537804|0.189420|0.159591,True
n71,71,18,745.58,918.67,1.16827284651029,18,True,18|7|9,0.973930|0.019087|0.004929,True
n71,71,18,745.58,918.67,0.553218001966891,18,True,18|7|9,0.978587|0.019094|0.001366,True
n71,71,18,745.58,918.67,0.713692741578706,18,True,18|9|7,0.972976|0.020858|0.004350,True
n71,71,18,745.58,918.67,0.855796976580442,18,True,18|9|7,0.968626|0.021515|0.008629,True
n71,71,18,745.58,918.67,0.7188315773555,18,True,18|7|5,0.983835|0.009734|0.002667,True
n71,71,18,745.58,918.67,1.35767232553345,18,True,18|9|7,0.977672|0.018972|0.002841,True
n71,71,18,745.58,918.67,0.83711843955003,18,True,18|9|7,0.985208|0.010579|0.002489,True
n71,71,18,745.58,918.67,1.8107184387697,18,True,18|7|9,0.993634|0.002783|0.002681,True
n71,71,18,745.58,918.67,1.47185709133828,18,True,18|9|7,0.985131|0.007507|0.005992,True
n71,71,18,745.58,918.67,1.57552278382651,18,True,18|7|9,0.993060|0.004171|0.002023,True
n71,71,18,745.58,918.67,1.28476407618033,18,True,18|7|5,0.953690|0.036878|0.003439,True
n71,71,18,745.58,918.67,1.16742165886788,18,True,18|7|9,0.705193|0.107251|0.089896,True
n71,71,18,745.58,918.67,0.573019190667949,18,True,18|9|5,0.978936|0.009101|0.005421,True
n71,71,18,745.58,918.67,0.867502339945901,18,True,18|9|7,0.997028|0.001525|0.000698,True
n77,77,7,954.16,1031.85,1.33296695178868,7,True,7|5|18,0.941718|0.053982|0.003079,True
n77,77,7,954.16,1031.85,1.35010506907321,7,True,7|5|18,0.967900|0.029331|0.001618,True
n77,77,7,954.16,1031.85,0.988097991009153,7,True,7|5|8,0.994955|0.004330|0.000167,True
n77,77,7,954.16,1031.85,0.805661405334266,7,True,7|18|5,0.786640|0.103045|0.093784,True
n77,77,7,954.16,1031.85,0.917995202223158,7,True,7|5|17,0.946708|0.047191|0.002724,True
n77,77,7,954.16,1031.85,1.60799984309784,7,True,7|5|18,0.977539|0.020656|0.001008,True
n77,77,7,954.16,1031.85,0.480557226416173,7,True,7|5|17,0.502950|0.430034|0.036795,True
n77,77,7,954.16,1031.85,1.59955402930045,7,True,7|5|18,0.995030|0.003493|0.000921,True
n77,77,7,954.16,1031.85,1.68350068399713,7,True,7|5|18,0.990680|0.005538|0.001878,True
n77,77,7,954.16,1031.85,0.727642580125713,7,True,7|5|18,0.962504|0.030176|0.004443,True
n77,77,7,954.16,1031.85,0.553948577407735,7,True,7|18|5,0.773011|0.154619|0.061757,True
n77,77,7,954.16,1031.85,1.77889860716398,7,True,7|18|5,0.991577|0.004800|0.002886,True
n77,77,7,954.16,1031.85,0.740067055612764,7,True,7|5|18,0.656990|0.267205|0.063407,True
n77,77,7,954.16,1031.85,2.04024634781693,7,True,7|5|18,0.990513|0.006295|0.001694,True
n77,77,7,954.16,1031.85,1.8426279008647,7,True,7|5|18,0.964381|0.032839|0.001413,True
n77,77,7,954.16,1031.85,1.24117513445585,7,True,7|5|18,0.946488|0.031160|0.017508,True
n77,77,7,954.16,1031.85,0.461829167024178,5,False,5|7|18,0.668260|0.310668|0.006871,True
n77,77,7,954.16,1031.85,0.829785179599042,18,False,18|7|5,0.919962|0.043371|0.027497,True
n77,77,7,954.16,1031.85,0.819575173371993,7,True,7|5|18,0.985315|0.009699|0.002663,True
n77,77,7,954.16,1031.85,0.792073189878064,7,True,7|5|18,0.622992|0.346735|0.014735,True
n78,78,12,866.29,878.52,1.0186849907738,5,False,5|12|7,0.700125|0.186339|0.047757,True
n78,78,12,866.29,878.52,1.95910745245942,12,True,12|7|5,0.689673|0.203050|0.098784,True
n78,78,12,866.29,878.52,1.23426694631839,12,True,12|5|7,0.387670|0.298499|0.297069,True
n78,78,12,866.29,878.52,0.519255005660158,12,True,12|5|7,0.907162|0.062445|0.021162,True
n78,78,12,866.29,878.52,1.20385326938278,7,False,7|5|12,0.546614|0.334642|0.105232,True
n78,78,12,866.29,878.52,0.671353586457659,7,False,7|12|5,0.491411|0.453552|0.046072,True
n78,78,12,866.29,878.52,1.1410261311247,7,False,7|12|5,0.462472|0.382507|0.136716,True
n78,78,12,866.29,878.52,1.07513322491838,12,True,12|7|5,0.935657|0.040169|0.022815,True
n78,78,12,866.29,878.52,2.13002627514998,12,True,12|7|5,0.665773|0.193089|0.134314,True
n78,78,12,866.29,878.52,1.02995790548274,12,True,12|7|5,0.849659|0.077652|0.038552,True
n78,78,12,866.29,878.52,0.473238934883685,12,True,12|5|7,0.920412|0.030708|0.015701,True
n78,78,12,866.29,878.52,0.947702434937501,7,False,7|5|12,0.526608|0.239970|0.150955,True
n78,78,12,866.29,878.52,1.30284536029194,7,False,7|12|5,0.483659|0.308214|0.176349,True
n78,78,12,866.29,878.52,0.800103577231504,5,False,5|7|12,0.476684|0.406661|0.074917,True
n78,78,12,866.29,878.52,0.681331882501222,12,True,12|5|7,0.976798|0.012621|0.005248,True
n78,78,12,866.29,878.52,0.512943959948602,12,True,12|5|11,0.694795|0.121377|0.120726,True
n78,78,12,866.29,878.52,0.442139194030844,5,False,5|7|12,0.360436|0.340215|0.186429,True
n78,78,12,866.29,878.52,0.774695340286842,12,True,12|7|5,0.527290|0.245876|0.203467,True
n78,78,12,866.29,878.52,1.21957349802249,12,True,12|7|5,0.961978|0.022827|0.011772,True
n78,78,12,866.29,878.52,1.32924971547809,12,True,12|5|7,0.606027|0.202236|0.151696,True
n79,79,7,946.9,1007.57,0.521233772491069,18,False,18|7|5,0.568382|0.367774|0.042507,True
n79,79,7,946.9,1007.57,2.01852911408508,5,False,5|7|11,0.822504|0.113630|0.013433,True
n79,79,7,946.9,1007.57,1.34681194819928,7,True,7|18|5,0.990267|0.006023|0.002882,True
n79,79,7,946.9,1007.57,1.09481732634505,7,True,7|5|18,0.989543|0.006899|0.003032,True
n79,79,7,946.9,1007.57,2.1207275649483,5,False,5|7|18,0.715766|0.183630|0.077676,True
n79,79,7,946.9,1007.57,0.717553334486084,7,True,7|18|5,0.924094|0.050006|0.023027,True
n79,79,7,946.9,1007.57,2.20460705683266,7,True,7|5|9,0.993841|0.004659|0.000472,True
n79,79,7,946.9,1007.57,0.498561376557593,5,False,5|7|11,0.706598|0.276605|0.005588,True
n79,79,7,946.9,1007.57,0.503424736095301,7,True,7|18|5,0.936768|0.049419|0.009447,True
n79,79,7,946.9,1007.57,1.32615239882234,7,True,7|5|18,0.981950|0.016263|0.000779,True
n79,79,7,946.9,1007.57,0.455976251960475,7,True,7|18|5,0.744606|0.239024|0.006726,True
n79,79,7,946.9,1007.57,1.05237210279811,7,True,7|5|18,0.975256|0.022762|0.000793,True
n79,79,7,946.9,1007.57,2.21651909084445,7,True,7|5|18,0.993357|0.004379|0.001069,True
n79,79,7,946.9,1007.57,1.91712767499676,7,True,7|5|18,0.997469|0.001512|0.000422,True
n79,79,7,946.9,1007.57,0.832581753183532,7,True,7|5|18,0.946760|0.034522|0.014043,True
n79,79,7,946.9,1007.57,0.774462507236807,7,True,7|5|18,0.986584|0.008695|0.002571,True
n79,79,7,946.9,1007.57,0.966678277383777,7,True,7|5|18,0.981358|0.015097|0.002223,True
n79,79,7,946.9,1007.57,0.511307861184004,7,True,7|18|5,0.675708|0.273919|0.037507,True
n79,79,7,946.9,1007.57,0.482261588791645,7,True,7|18|5,0.859183|0.106428|0.018018,True
n79,79,7,946.9,1007.57,1.07945182620978,7,True,7|18|5,0.974575|0.012629|0.011183,True
n91,91,5,1140.09,898.21,1.0676713831631,5,True,5|12|7,0.937075|0.052836|0.008705,True
n91,91,5,1140.09,898.21,2.04426352559507,5,True,5|12|7,0.996680|0.001579|0.000976,True
n91,91,5,1140.09,898.21,1.21758303174946,5,True,5|12|11,0.968107|0.027979|0.003132,True
n91,91,5,1140.09,898.21,0.973317624036694,5,True,5|12|7,0.957494|0.030770|0.006514,True
n91,91,5,1140.09,898.21,1.61398326957905,5,True,5|12|7,0.989141|0.008455|0.000788,True
n91,91,5,1140.09,898.21,0.470194907782153,5,True,5|12|11,0.467894|0.414224|0.040651,True
n91,91,5,1140.09,898.21,0.524702548200707,5,True,5|12|11,0.980735|0.007241|0.004907,True
n91,91,5,1140.09,898.21,0.435195924304741,5,True,5|12|7,0.737135|0.170600|0.055199,True
n91,91,5,1140.09,898.21,0.978396086034075,5,True,5|7|12,0.995101|0.003978|0.000291,True
n91,91,5,1140.09,898.21,1.48078543932898,5,True,5|12|7,0.995839|0.002637|0.000637,True
n91,91,5,1140.09,898.21,0.514736530434705,5,True,5|7|12,0.905191|0.081244|0.009112,True
n91,91,5,1140.09,898.21,2.01559995030124,5,True,5|12|7,0.994541|0.003134|0.001192,True
n91,91,5,1140.09,898.21,0.511539040125266,5,True,5|11|12,0.666025|0.190936|0.101719,True
n91,91,5,1140.09,898.21,0.829085999236983,5,True,5|7|12,0.977046|0.016512|0.004504,True
n91,91,5,1140.09,898.21,1.58772972033112,5,True,5|12|7,0.987404|0.010246|0.001286,True
n91,91,5,1140.09,898.21,1.30853567857444,5,True,5|7|12,0.978129|0.010941|0.007921,True
n91,91,5,1140.09,898.21,1.42357746005041,5,True,5|12|8,0.997343|0.001682|0.000359,True
n91,91,5,1140.09,898.21,0.764913941270133,5,True,5|12|8,0.568166|0.420614|0.004083,True
n91,91,5,1140.09,898.21,0.70005630818427,5,True,5|7|12,0.992681|0.003273|0.002337,True
n91,91,5,1140.09,898.21,1.44413978465624,5,True,5|12|7,0.986318|0.006675|0.005772,True
n93,93,17,1292.79,806.64,0.457467112904557,17,True,17|5|11,0.703177|0.253372|0.020770,True
n93,93,17,1292.79,806.64,0.497470430835585,17,True,17|11|8,0.932071|0.058461|0.005997,True
n93,93,17,1292.79,806.64,0.794647492244759,17,True,17|5|8,0.557623|0.387606|0.025612,True
n93,93,17,1292.79,806.64,1.09264553412645,17,True,17|5|8,0.907724|0.087523|0.004049,True
n93,93,17,1292.79,806.64,1.50255569001675,5,False,5|17|8,0.764391|0.216261|0.009564,True
n93,93,17,1292.79,806.64,1.04234188036795,17,True,17|5|8,0.530536|0.464042|0.002855,True
n93,93,17,1292.79,806.64,1.24656793796486,17,True,17|5|8,0.691782|0.274010|0.025888,True
n93,93,17,1292.79,806.64,0.486000675986089,5,False,5|17|11,0.698286|0.208193|0.061474,True
n93,93,17,1292.79,806.64,1.26464422821347,5,False,5|17|8,0.907964|0.072071|0.017408,True
n93,93,17,1292.79,806.64,1.90373680465599,17,True,17|5|8,0.523764|0.451478|0.023329,True
n93,93,17,1292.79,806.64,1.24879892941876,17,True,17|5|11,0.952468|0.044431|0.002020,True
n93,93,17,1292.79,806.64,1.56397371846631,17,True,17|5|8,0.490632|0.482495|0.024604,True
n93,93,17,1292.79,806.64,1.47333886665301,5,False,5|17|11,0.925269|0.040976|0.022081,True
n93,93,17,1292.79,806.64,0.520063198120422,17,True,17|5|8,0.845428|0.060231|0.046877,True
n93,93,17,1292.79,806.64,0.744973828288987,5,False,5|17|11,0.739654|0.223109|0.020725,True
n93,93,17,1292.79,806.64,0.490272585417986,17,True,17|5|11,0.844900|0.109042|0.034321,True
n93,93,17,1292.79,806.64,0.704174697793162,5,False,5|17|8,0.831649|0.133036|0.022253,True
n93,93,17,1292.79,806.64,1.72168002564733,5,False,5|17|8,0.965813|0.027262|0.005821,True
n93,93,17,1292.79,806.64,1.46201153802678,5,False,5|17|8,0.933198|0.053559|0.011330,True
n93,93,17,1292.79,806.64,1.42944657404348,17,True,17|5|8,0.749021|0.216755|0.029191,True
n94,94,22,280.55,763.35,0.509273575123063,22,True,22|20|28,0.999432|0.000293|0.000081,True
n94,94,22,280.55,763.35,0.890183788934883,22,True,22|20|28,0.999708|0.000228|0.000015,True
n94,94,22,280.55,763.35,0.73187099839166,22,True,22|20|2,0.999674|0.000150|0.000118,True
n94,94,22,280.55,763.35,1.16571794641506,22,True,22|20|2,0.999595|0.000315|0.000037,True
n94,94,22,280.55,763.35,1.54849947584491,22,True,22|20|28,0.998919|0.000899|0.000069,True
n94,94,22,280.55,763.35,1.4403491448204,22,True,22|20|2,0.998724|0.001195|0.000023,True
n94,94,22,280.55,763.35,0.518505297291762,22,True,22|20|2,0.999211|0.000316|0.000310,True
n94,94,22,280.55,763.35,1.09263989004558,22,True,22|2|20,0.999798|0.000088|0.000073,True
n94,94,22,280.55,763.35,0.727496216410596,22,True,22|2|20,0.998183|0.001560|0.000099,True
n94,94,22,280.55,763.35,1.22779064710667,22,True,22|20|2,0.999733|0.000141|0.000089,True
n94,94,22,280.55,763.35,1.25685846607253,22,True,22|20|2,0.999689|0.000171|0.000085,True
n94,94,22,280.55,763.35,0.520184644604608,22,True,22|20|28,0.983719|0.012058|0.002306,True
n94,94,22,280.55,763.35,1.13628065000963,22,True,22|20|2,0.999878|0.000059|0.000028,True
n94,94,22,280.55,763.35,0.995490012878132,22,True,22|2|20,0.999447|0.000351|0.000141,True
n94,94,22,280.55,763.35,1.3669003455034,22,True,22|20|2,0.999543|0.000405|0.000021,True
n94,94,22,280.55,763.35,1.35369362810691,22,True,22|20|2,0.999530|0.000395|0.000034,True
n94,94,22,280.55,763.35,1.14649022863587,22,True,22|20|2,0.997036|0.002597|0.000090,True
n94,94,22,280.55,763.35,0.888994323927812,22,True,22|20|2,0.999286|0.000626|0.000050,True
n94,94,22,280.55,763.35,1.95904516402801,22,True,22|20|2,0.999520|0.000354|0.000070,True
n94,94,22,280.55,763.35,1.45506573872758,22,True,22|20|2,0.999855|0.000100|0.000025,True
n98,98,22,281.88,640.91,0.806077397439595,22,True,22|20|2,0.997942|0.001730|0.000213,True
n98,98,22,281.88,640.91,0.98884688303219,22,True,22|20|28,0.998329|0.001374|0.000129,True
n98,98,22,281.88,640.91,1.31138542472389,22,True,22|20|2,0.999283|0.000586|0.000079,True
n98,98,22,281.88,640.91,1.86092922272374,22,True,22|20|2,0.999782|0.000176|0.000013,True
n98,98,22,281.88,640.91,1.36264913337255,22,True,22|20|2,0.999697|0.000132|0.000082,True
n98,98,22,281.88,640.91,1.40085148473886,22,True,22|20|2,0.999708|0.000251|0.000014,True
n98,98,22,281.88,640.91,0.566005553780241,22,True,22|20|2,0.999511|0.000228|0.000063,True
n98,98,22,281.88,640.91,0.676391541219837,22,True,22|20|2,0.995356|0.003411|0.000611,True
n98,98,22,281.88,640.91,1.04547198349398,22,True,22|20|2,0.999888|0.000064|0.000016,True
n98,98,22,281.88,640.91,0.521892601663423,22,True,22|2|20,0.999374|0.000357|0.000135,True
n98,98,22,281.88,640.91,0.674054487299205,22,True,22|20|28,0.998672|0.001083|0.000103,True
n98,98,22,281.88,640.91,1.75049776277626,22,True,22|20|2,0.999622|0.000341|0.000011,True
n98,98,22,281.88,640.91,0.726785554709599,22,True,22|20|2,0.987853|0.011599|0.000204,True
n98,98,22,281.88,640.91,1.82738323153214,22,True,22|20|2,0.999687|0.000278|0.000011,True
n98,98,22,281.88,640.91,0.559938656232612,22,True,22|2|20,0.996387|0.001753|0.001339,True
n98,98,22,281.88,640.91,1.23794682090435,22,True,22|20|2,0.999084|0.000730|0.000055,True
n98,98,22,281.88,640.91,0.482830307132904,22,True,22|20|2,0.999297|0.000551|0.000041,True
n98,98,22,281.88,640.91,1.36008427710916,22,True,22|20|2,0.998911|0.000995|0.000027,True
n98,98,22,281.88,640.91,1.42361820312341,22,True,22|20|28,0.999727|0.000214|0.000016,True
n98,98,22,281.88,640.91,1.70855137768823,22,True,22|20|2,0.999116|0.000831|0.000010,True
n102,102,20,275.55,502.64,1.21851735266414,22,False,22|2|15,0.996480|0.001574|0.000890,False
n102,102,20,275.55,502.64,1.60018698192799,20,True,20|22|2,0.950724|0.048301|0.000314,True
n102,102,20,275.55,502.64,0.463509600786914,20,True,20|22|2,0.947827|0.027033|0.009311,True
n102,102,20,275.55,502.64,0.548776558970121,20,True,20|22|28,0.969439|0.013540|0.007116,True
n102,102,20,275.55,502.64,1.35338149693483,20,True,20|22|2,0.995396|0.003960|0.000239,True
n102,102,20,275.55,502.64,0.516438133118434,20,True,20|22|2,0.951086|0.045732|0.000994,True
n102,102,20,275.55,502.64,1.06166868693135,20,True,20|28|22,0.995955|0.001624|0.000889,True
n102,102,20,275.55,502.64,0.970826126619809,20,True,20|28|22,0.997664|0.000779|0.000657,True
n102,102,20,275.55,502.64,1.21831531426629,20,True,20|22|28,0.988040|0.008392|0.001579,True
n102,102,20,275.55,502.64,1.03969581059257,20,True,20|22|28,0.587875|0.407003|0.002189,True
n102,102,20,275.55,502.64,1.67599801982546,20,True,20|22|2,0.989363|0.010074|0.000237,True
n102,102,20,275.55,502.64,2.05535504017178,20,True,20|28|22,0.998347|0.000500|0.000447,True
n102,102,20,275.55,502.64,1.45125992570937,20,True,20|22|28,0.999022|0.000565|0.000117,True
n102,102,20,275.55,502.64,0.963619608533997,20,True,20|22|28,0.637540|0.359210|0.001213,True
n102,102,20,275.55,502.64,0.456344724464722,22,False,22|20|28,0.931591|0.055539|0.004815,True
n102,102,20,275.55,502.64,0.899437307151942,20,True,20|22|28,0.997230|0.001198|0.000795,True
n102,102,20,275.55,502.64,1.25689832810677,20,True,20|22|2,0.996053|0.001510|0.000772,True
n102,102,20,275.55,502.64,0.722766948709577,20,True,20|2|22,0.997085|0.001311|0.000688,True
n102,102,20,275.55,502.64,0.728220513008007,22,False,22|20|28,0.608057|0.385907|0.002816,True
n102,102,20,275.55,502.64,0.669002892528852,20,True,20|22|2,0.893963|0.100696|0.001588,True
n104,104,28,171.01,279.19,1.33513064339399,28,True,28|20|15,0.971976|0.026603|0.000354,True
n104,104,28,171.01,279.19,1.06695762336083,28,True,28|20|24,0.995628|0.004025|0.000055,True
n104,104,28,171.01,279.19,1.37900875818569,28,True,28|20|2,0.990797|0.008730|0.000105,True
n104,104,28,171.01,279.19,1.31677405461742,28,True,28|20|15,0.861600|0.135524|0.000495,True
n104,104,28,171.01,279.19,1.6039730331833,28,True,28|20|24,0.998417|0.001440|0.000021,True
n104,104,28,171.01,279.19,0.986770145414693,28,True,28|20|2,0.985531|0.013619|0.000194,True
n104,104,28,171.01,279.19,1.13569519058715,28,True,28|20|15,0.909992|0.089032|0.000179,True
n104,104,28,171.01,279.19,2.21152770966904,28,True,28|20|2,0.984960|0.014615|0.000080,True
n104,104,28,171.01,279.19,0.738719710379388,28,True,28|20|15,0.995842|0.003641|0.000168,True
n104,104,28,171.01,279.19,1.85972855684349,28,True,28|20|2,0.979060|0.020228|0.000097,True
n104,104,28,171.01,279.19,0.976395152232132,28,True,28|20|2,0.634641|0.362900|0.000735,True
n104,104,28,171.01,279.19,1.01391343897443,28,True,28|20|15,0.959433|0.039377|0.000192,True
n104,104,28,171.01,279.19,1.28209681947724,28,True,28|20|24,0.892749|0.105981|0.000223,True
n104,104,28,171.01,279.19,2.05528452390515,28,True,28|20|2,0.983997|0.015083|0.000132,True
n104,104,28,171.01,279.19,1.03459435418455,28,True,28|20|24,0.978934|0.020814|0.000038,True
n104,104,28,171.01,279.19,1.84491958921041,28,True,28|20|15,0.960071|0.038079|0.000267,True
n104,104,28,171.01,279.19,2.11668740672252,28,True,28|20|9,0.877438|0.121701|0.000106,True
n104,104,28,171.01,279.19,2.27772970538579,28,True,28|20|2,0.997783|0.002024|0.000026,True
n104,104,28,171.01,279.19,0.467744881437502,28,True,28|20|2,0.894671|0.056098|0.031423,True
n104,104,28,171.01,279.19,1.36394654412092,28,True,28|20|2,0.850810|0.147654|0.000506,True
n109,109,20,314.52,498.03,0.779845161326862,20,True,20|22|28,0.989331|0.008303|0.001099,True
n109,109,20,314.52,498.03,0.522688734910694,22,False,22|20|28,0.913910|0.073022|0.007748,True
n109,109,20,314.52,498.03,0.432579319442674,22,False,22|20|28,0.766806|0.173268|0.024274,True
n109,109,20,314.52,498.03,1.98075438837036,20,True,20|22|28,0.953465|0.045232|0.000405,True
n109,109,20,314.52,498.03,0.930114429893118,22,False,22|20|2,0.996776|0.003025|0.000072,True
n109,109,20,314.52,498.03,1.86365850830672,22,False,22|2|15,0.993317|0.004797|0.001034,False
n109,109,20,314.52,498.03,1.18348842466834,20,True,20|22|28,0.989924|0.007954|0.000798,True
n109,109,20,314.52,498.03,1.25762604829405,20,True,20|22|2,0.936844|0.058276|0.001823,True
n109,109,20,314.52,498.03,1.58057875528591,22,False,22|20|2,0.950933|0.048427|0.000325,True
n109,109,20,314.52,498.03,1.15824182178374,20,True,20|22|2,0.979767|0.019100|0.000254,True
n109,109,20,314.52,498.03,1.96749688307174,20,True,20|22|2,0.992808|0.006406|0.000230,True
n109,109,20,314.52,498.03,0.507272078593942,20,True,20|22|28,0.556358|0.255876|0.096576,True
n109,109,20,314.52,498.03,1.07934855510054,20,True,20|22|2,0.996509|0.002578|0.000360,True
n109,109,20,314.52,498.03,0.748432719217336,22,False,22|20|28,0.957514|0.041444|0.000467,True
n109,109,20,314.52,498.03,1.0029689368468,20,True,20|22|2,0.993344|0.004456|0.001426,True
n109,109,20,314.52,498.03,1.35504939519195,20,True,20|22|2,0.968786|0.026656|0.001611,True
n109,109,20,314.52,498.03,0.450284288210303,20,True,20|22|2,0.976007|0.019423|0.001945,True
n109,109,20,314.52,498.03,1.26299665727693,20,True,20|22|2,0.880616|0.115265|0.001942,True
n109,109,20,314.52,498.03,1.77938660842811,20,True,20|22|2,0.982847|0.016104|0.000476,True
n109,109,20,314.52,498.03,1.8049439975631,20,True,20|22|2,0.989970|0.009020|0.000415,True
n121,121,28,194.1,136.42,0.774298523605916,28,True,28|20|15,0.999574|0.000188|0.000103,True
n121,121,28,194.1,136.42,0.962191772904731,28,True,28|20|24,0.999214|0.000654|0.000024,True
n121,121,28,194.1,136.42,1.04162730378528,28,True,28|20|15,0.999136|0.000353|0.000155,True
n121,121,28,194.1,136.42,2.07004760505245,28,True,28|20|15,0.999043|0.000815|0.000031,True
n121,121,28,194.1,136.42,1.03512781554177,28,True,28|20|2,0.999790|0.000153|0.000011,True
n121,121,28,194.1,136.42,1.46517064907406,28,True,28|20|15,0.998583|0.001166|0.000110,True
n121,121,28,194.1,136.42,0.997391465798913,28,True,28|20|2,0.998526|0.000980|0.000160,True
n121,121,28,194.1,136.42,1.53323395529332,28,True,28|20|15,0.999550|0.000342|0.000018,True
n121,121,28,194.1,136.42,1.22222062952143,28,True,28|20|15,0.998479|0.000936|0.000309,True
n121,121,28,194.1,136.42,1.04822105712549,28,True,28|20|15,0.998793|0.000941|0.000066,True
n121,121,28,194.1,136.42,0.828877085201211,28,True,28|20|15,0.996260|0.003372|0.000160,True
n121,121,28,194.1,136.42,0.809095549970041,28,True,28|20|15,0.997357|0.002214|0.000115,True
n121,121,28,194.1,136.42,0.568624918395601,28,True,28|20|2,0.997251|0.001751|0.000289,True
n121,121,28,194.1,136.42,1.27094487197737,28,True,28|20|15,0.998729|0.000964|0.000162,True
n121,121,28,194.1,136.42,1.44556848580119,28,True,28|20|15,0.999758|0.000106|0.000066,True
n121,121,28,194.1,136.42,0.725684030151929,28,True,28|15|20,0.999244|0.000378|0.000262,True
n121,121,28,194.1,136.42,1.20761463567778,28,True,28|20|15,0.999056|0.000587|0.000112,True
n121,121,28,194.1,136.42,1.91734181272255,28,True,28|20|15,0.998570|0.001194|0.000052,True
n121,121,28,194.1,136.42,0.731633037808941,28,True,28|15|20,0.992845|0.005416|0.001054,True
n121,121,28,194.1,136.42,0.982901267128116,28,True,28|20|15,0.999562|0.000307|0.000027,True
n126,126,28,203.17,77.03,0.541393241905589,28,True,28|2|24,0.999583|0.000094|0.000070,True
n126,126,28,203.17,77.03,0.810958844043365,28,True,28|20|15,0.998555|0.000355|0.000341,True
n126,126,28,203.17,77.03,1.11118568755686,28,True,28|24|15,0.999852|0.000032|0.000025,True
n126,126,28,203.17,77.03,0.68688381737544,28,True,28|15|20,0.998176|0.000955|0.000204,True
n126,126,28,203.17,77.03,1.32120691315609,28,True,28|15|2,0.999026|0.000372|0.000159,True
n126,126,28,203.17,77.03,0.503620679100396,28,True,28|15|2,0.992717|0.005098|0.000568,True
n126,126,28,203.17,77.03,0.761969787599169,28,True,28|15|24,0.997003|0.002709|0.000052,True
n126,126,28,203.17,77.03,2.12507842581667,28,True,28|15|24,0.999772|0.000100|0.000018,True
n126,126,28,203.17,77.03,0.425459451951497,28,True,28|15|2,0.992027|0.005230|0.001167,True
n126,126,28,203.17,77.03,0.474092228385587,28,True,28|15|23,0.675023|0.318027|0.001754,True
n126,126,28,203.17,77.03,1.96844881835103,28,True,28|15|20,0.999752|0.000044|0.000035,True
n126,126,28,203.17,77.03,0.556882421164442,28,True,28|20|2,0.996758|0.001258|0.001002,True
n126,126,28,203.17,77.03,1.6768001118494,28,True,28|15|24,0.999861|0.000043|0.000016,True
n126,126,28,203.17,77.03,1.21829505412585,28,True,28|20|15,0.999722|0.000094|0.000056,True
n126,126,28,203.17,77.03,2.05524780795408,28,True,28|15|20,0.999861|0.000025|0.000020,True
n126,126,28,203.17,77.03,1.236903077686,28,True,28|15|2,0.995403|0.003417|0.000385,True
n126,126,28,203.17,77.03,0.507696960781463,28,True,28|15|20,0.997608|0.001358|0.000331,True
n126,126,28,203.17,77.03,0.904565323068142,28,True,28|15|20,0.999160|0.000496|0.000136,True
n126,126,28,203.17,77.03,0.727315351558797,28,True,28|15|24,0.999618|0.000058|0.000048,True
n126,126,28,203.17,77.03,1.26103568475403,28,True,28|15|24,0.999430|0.000323|0.000058,True
n133,133,2,623.81,629.64,0.454842027505994,2,True,2|15|12,0.957800|0.034457|0.003832,True
n133,133,2,623.81,629.64,1.57244678274487,2,True,2|12|15,0.998892|0.000564|0.000268,True
n133,133,2,623.81,629.64,1.87378035942859,2,True,2|12|15,0.999413|0.000250|0.000108,True
n133,133,2,623.81,629.64,0.84165558066988,2,True,2|15|12,0.972916|0.024339|0.001590,True
n133,133,2,623.81,629.64,1.22666694084954,2,True,2|12|15,0.998288|0.000873|0.000438,True
n133,133,2,623.81,629.64,1.42755984325719,2,True,2|15|12,0.998574|0.000935|0.000217,True
n133,133,2,623.81,629.64,1.86513336042068,2,True,2|12|15,0.999179|0.000351|0.000201,True
n133,133,2,623.81,629.64,1.58967004029172,2,True,2|15|12,0.999187|0.000293|0.000250,True
n133,133,2,623.81,629.64,1.46337671551712,2,True,2|15|12,0.999502|0.000179|0.000125,True
n133,133,2,623.81,629.64,0.747185345232838,2,True,2|15|12,0.927834|0.069143|0.000941,True
n133,133,2,623.81,629.64,0.940615116697713,2,True,2|15|12,0.980237|0.018303|0.000523,True
n133,133,2,623.81,629.64,0.517414222539802,2,True,2|15|12,0.998807|0.000547|0.000204,True
n133,133,2,623.81,629.64,1.32142990132635,2,True,2|15|12,0.998695|0.000772|0.000218,True
n133,133,2,623.81,629.64,1.28687189019783,2,True,2|15|12,0.998509|0.000830|0.000387,True
n133,133,2,623.81,629.64,0.648522937350145,2,True,2|12|15,0.990482|0.006088|0.001684,True
n133,133,2,623.81,629.64,1.42408456775332,2,True,2|15|12,0.999043|0.000316|0.000287,True
n133,133,2,623.81,629.64,1.5884404666102,2,True,2|12|15,0.999425|0.000171|0.000163,True
n133,133,2,623.81,629.64,0.987423737472802,2,True,2|12|15,0.998514|0.000755|0.000400,True
n133,133,2,623.81,629.64,1.99192494167079,2,True,2|12|15,0.998910|0.000398|0.000245,True
n133,133,2,623.81,629.64,0.968795111399407,2,True,2|12|15,0.971787|0.020298|0.002960,True
n134,134,28,382.8,206.77,1.5680292857553,28,True,28|20|15,0.992115|0.003873|0.002319,True
n134,134,28,382.8,206.77,1.4787035770824,28,True,28|20|15,0.953133|0.027087|0.017534,True
n134,134,28,382.8,206.77,1.307977438389,28,True,28|15|20,0.972360|0.020396|0.004885,True
n134,134,28,382.8,206.77,1.30785954140357,28,True,28|20|15,0.973494|0.016886|0.006753,True
n134,134,28,382.8,206.77,0.502307652233083,28,True,28|20|15,0.929644|0.050133|0.015091,True
n134,134,28,382.8,206.77,2.2602602044807,28,True,28|15|2,0.994819|0.003210|0.001235,True
n134,134,28,382.8,206.77,1.48445460820517,28,True,28|20|15,0.993446|0.003517|0.001749,True
n134,134,28,382.8,206.77,1.56354491630268,28,True,28|20|15,0.878969|0.074585|0.042529,True
n134,134,28,382.8,206.77,0.736145569703336,28,True,28|20|15,0.728300|0.155333|0.102885,True
n134,134,28,382.8,206.77,1.50462099018488,28,True,28|2|20,0.998639|0.000475|0.000432,True
n134,134,28,382.8,206.77,1.81108671835586,28,True,28|15|2,0.986402|0.006751|0.004799,True
n134,134,28,382.8,206.77,0.958946892280451,28,True,28|15|20,0.921530|0.053069|0.017225,True
n134,134,28,382.8,206.77,1.28093393961365,28,True,28|20|15,0.836776|0.063874|0.049854,True
n134,134,28,382.8,206.77,1.25892026312884,28,True,28|15|20,0.955476|0.027240|0.012642,True
n134,134,28,382.8,206.77,0.493214642840804,15,False,15|20|2,0.400311|0.351819|0.104664,False
n134,134,28,382.8,206.77,1.11513334782582,28,True,28|20|15,0.995378|0.002390|0.001700,True
n134,134,28,382.8,206.77,1.64861592050643,28,True,28|15|20,0.994542|0.004213|0.000771,True
n134,134,28,382.8,206.77,1.462354156009,28,True,28|20|2,0.997212|0.002214|0.000194,True
n134,134,28,382.8,206.77,0.756190637645285,28,True,28|20|2,0.445113|0.426520|0.101878,True
n134,134,28,382.8,206.77,2.01518591100837,28,True,28|15|20,0.994226|0.004372|0.000679,True
n141,141,2,686.52,649.74,2.20276852919162,2,True,2|15|12,0.998061|0.001098|0.000282,True
n141,141,2,686.52,649.74,0.948167048835928,2,True,2|15|12,0.995983|0.003358|0.000239,True
n141,141,2,686.52,649.74,0.936387913071119,2,True,2|12|15,0.983067|0.010268|0.004988,True
n141,141,2,686.52,649.74,0.794276910982008,2,True,2|15|12,0.974598|0.016980|0.007729,True
n141,141,2,686.52,649.74,0.852173434679726,2,True,2|15|12,0.988616|0.005646|0.003026,True
n141,141,2,686.52,649.74,0.493954026208236,2,True,2|16|15,0.993978|0.004020|0.000664,True
n141,141,2,686.52,649.74,1.24149192221847,2,True,2|15|12,0.997630|0.001121|0.000428,True
n141,141,2,686.52,649.74,1.64014696180944,2,True,2|15|12,0.999186|0.000435|0.000113,True
n141,141,2,686.52,649.74,1.22851955170802,2,True,2|12|15,0.988033|0.008910|0.001244,True
n141,141,2,686.52,649.74,0.689026291542922,2,True,2|16|12,0.856898|0.059289|0.035492,True
n141,141,2,686.52,649.74,1.24624277855286,2,True,2|12|15,0.998171|0.000804|0.000546,True
n141,141,2,686.52,649.74,1.96380137427048,2,True,2|15|12,0.987715|0.010536|0.000975,True
n141,141,2,686.52,649.74,1.15919972504913,2,True,2|16|12,0.997396|0.001267|0.000543,True
n141,141,2,686.52,649.74,1.38410605759511,2,True,2|15|12,0.997302|0.002012|0.000266,True
n141,141,2,686.52,649.74,2.0998630687196,2,True,2|12|15,0.997504|0.001810|0.000269,True
n141,141,2,686.52,649.74,0.493063852364474,2,True,2|15|12,0.979637|0.016227|0.001592,True
n141,141,2,686.52,649.74,1.43326903047241,2,True,2|15|12,0.998058|0.001170|0.000359,True
n141,141,2,686.52,649.74,0.874756557800297,2,True,2|15|12,0.986071|0.008876|0.002262,True
n141,141,2,686.52,649.74,1.69565137718047,2,True,2|15|12,0.998123|0.000756|0.000696,True
n141,141,2,686.52,649.74,0.511725530723859,2,True,2|15|12,0.965804|0.026412|0.006314,True
n144,144,12,827.24,810.58,1.50648601793797,12,True,12|11|7,0.998640|0.001156|0.000086,True
n144,144,12,827.24,810.58,1.17927195177476,12,True,12|11|16,0.993845|0.004689|0.001135,True
n144,144,12,827.24,810.58,0.997474855773226,12,True,12|11|16,0.998499|0.001212|0.000071,True
n144,144,12,827.24,810.58,0.733728313556875,12,True,12|11|7,0.998371|0.001368|0.000070,True
n144,144,12,827.24,810.58,0.471571190296102,12,True,12|11|16,0.998462|0.000835|0.000248,True
n144,144,12,827.24,810.58,1.36566675415698,12,True,12|11|16,0.995277|0.004222|0.000171,True
n144,144,12,827.24,810.58,1.56431630558466,12,True,12|11|7,0.998123|0.001159|0.000425,True
n144,144,12,827.24,810.58,1.2208708001854,12,True,12|11|27,0.989134|0.010084|0.000208,True
n144,144,12,827.24,810.58,1.20460348918022,12,True,12|11|7,0.998980|0.000784|0.000063,True
n144,144,12,827.24,810.58,1.31406415852188,12,True,12|11|16,0.997851|0.001706|0.000147,True
n144,144,12,827.24,810.58,0.710136644484573,12,True,12|11|2,0.997760|0.001656|0.000112,True
n144,144,12,827.24,810.58,1.42653462816944,12,True,12|16|11,0.999259|0.000327|0.000248,True
n144,144,12,827.24,810.58,0.52574670340989,12,True,12|11|16,0.836597|0.161999|0.000317,True
n144,144,12,827.24,810.58,0.519415623150204,12,True,12|7|11,0.995400|0.001866|0.001383,True
n144,144,12,827.24,810.58,0.450910369469126,12,True,12|11|16,0.898315|0.097505|0.001152,True
n144,144,12,827.24,810.58,0.446570554106998,11,False,11|12|5,0.535570|0.452456|0.002390,True
n144,144,12,827.24,810.58,2.23856137055634,12,True,12|11|16,0.998588|0.000970|0.000067,True
n144,144,12,827.24,810.58,0.484447349540519,12,True,12|11|16,0.975690|0.022299|0.000445,True
n144,144,12,827.24,810.58,1.389079171606,12,True,12|11|16,0.999383|0.000492|0.000039,True
n144,144,12,827.24,810.58,0.40318731189884,12,True,12|11|16,0.960667|0.017528|0.006474,True
n146,146,2,699.42,580.32,0.781207077516091,2,True,2|15|12,0.927129|0.071401|0.000319,True
n146,146,2,699.42,580.32,1.33766021252425,2,True,2|15|12,0.990682|0.005629|0.002297,True
n146,146,2,699.42,580.32,1.94117216473828,2,True,2|12|15,0.996269|0.001468|0.001258,True
n146,146,2,699.42,580.32,1.28147578542625,2,True,2|15|12,0.996339|0.002865|0.000207,True
n146,146,2,699.42,580.32,0.694576989133871,2,True,2|15|12,0.980304|0.016570|0.001122,True
n146,146,2,699.42,580.32,0.769300245328787,2,True,2|15|12,0.989557|0.009166|0.000270,True
n146,146,2,699.42,580.32,1.18459477202799,2,True,2|15|12,0.961289|0.035568|0.001073,True
n146,146,2,699.42,580.32,0.774842306377069,2,True,2|15|12,0.955358|0.042516|0.000986,True
n146,146,2,699.42,580.32,0.72362875609677,2,True,2|15|12,0.957806|0.036776|0.001635,True
n146,146,2,699.42,580.32,0.829504284201875,2,True,2|15|12,0.855635|0.131910|0.005860,True
n146,146,2,699.42,580.32,0.530944950341316,2,True,2|15|16,0.938211|0.032445|0.012967,True
n146,146,2,699.42,580.32,0.511924301966971,2,True,2|15|12,0.921611|0.072368|0.003275,True
n146,146,2,699.42,580.32,1.01026227781174,2,True,2|15|12,0.929876|0.068078|0.000411,True
n146,146,2,699.42,580.32,0.699045966388171,2,True,2|15|12,0.962013|0.027108|0.008137,True
n146,146,2,699.42,580.32,2.13191014399358,2,True,2|15|12,0.996499|0.001801|0.000794,True
n146,146,2,699.42,580.32,0.801673637172874,2,True,2|15|16,0.685403|0.160731|0.149964,True
n146,146,2,699.42,580.32,0.733394674417141,15,False,15|2|12,0.552227|0.445332|0.000634,True
n146,146,2,699.42,580.32,0.51568582944835,2,True,2|15|12,0.758343|0.234800|0.003667,True
n146,146,2,699.42,580.32,1.97708718368322,2,True,2|15|12,0.985470|0.011653|0.001366,True
n146,146,2,699.42,580.32,1.12386236135675,2,True,2|12|15,0.998268|0.000680|0.000630,True
n151,151,15,617.83,373.57,0.59821482488796,15,True,15|2|28,0.987069|0.012042|0.000285,True
n151,151,15,617.83,373.57,2.13282850418782,15,True,15|2|28,0.996298|0.003571|0.000025,True
n151,151,15,617.83,373.57,1.96412930868207,15,True,15|2|28,0.989397|0.010378|0.000067,True
n151,151,15,617.83,373.57,1.26059767620588,15,True,15|2|9,0.993063|0.006770|0.000022,True
n151,151,15,617.83,373.57,1.99995643493173,15,True,15|2|28,0.988787|0.010964|0.000082,True
n151,151,15,617.83,373.57,0.524835834427332,15,True,15|28|2,0.969862|0.016669|0.009800,True
n151,151,15,617.83,373.57,1.08468549305267,15,True,15|2|28,0.991812|0.007970|0.000042,True
n151,151,15,617.83,373.57,1.10088776193799,15,True,15|2|28,0.999395|0.000486|0.000023,True
n151,151,15,617.83,373.57,1.83131423923415,15,True,15|2|28,0.968169|0.031498|0.000080,True
n151,151,15,617.83,373.57,0.794155610895396,15,True,15|2|28,0.968772|0.030318|0.000308,True
n151,151,15,617.83,373.57,0.937757563768853,15,True,15|2|28,0.997970|0.001742|0.000141,True
n151,151,15,617.83,373.57,1.45793184310412,15,True,15|2|24,0.997721|0.002066|0.000039,True
n151,151,15,617.83,373.57,1.28576568590533,15,True,15|2|28,0.999030|0.000871|0.000018,True
n151,151,15,617.83,373.57,1.18952572602517,15,True,15|2|28,0.923047|0.076638|0.000060,True
n151,151,15,617.83,373.57,0.711280360935678,15,True,15|2|28,0.996032|0.003672|0.000074,True
n151,151,15,617.83,373.57,0.927583460701745,15,True,15|2|28,0.993473|0.006350|0.000031,True
n151,151,15,617.83,373.57,0.829033777997806,15,True,15|2|28,0.972420|0.025897|0.000457,True
n151,151,15,617.83,373.57,0.539832711710204,15,True,15|2|28,0.943425|0.055829|0.000143,True
n151,151,15,617.83,373.57,0.825705284812206,15,True,15|2|28,0.910988|0.088596|0.000062,True
n151,151,15,617.83,373.57,2.07973174058502,15,True,15|2|28,0.996790|0.003020|0.000038,True
n162,162,12,934.43,751.2,1.11524164742151,12,True,12|11|27,0.994879|0.004757|0.000122,True
n162,162,12,934.43,751.2,1.42685662852961,12,True,12|11|8,0.975211|0.024434|0.000062,True
n162,162,12,934.43,751.2,1.55111148936289,12,True,12|11|27,0.983508|0.016124|0.000105,True
n162,162,12,934.43,751.2,0.760097532535847,12,True,12|11|16,0.995070|0.004114|0.000215,True
n162,162,12,934.43,751.2,2.17054327600948,12,True,12|11|16,0.996272|0.003353|0.000146,True
n162,162,12,934.43,751.2,1.62561011616261,12,True,12|11|16,0.995277|0.004587|0.000029,True
n162,162,12,934.43,751.2,1.40417047607649,12,True,12|11|16,0.979703|0.019863|0.000072,True
n162,162,12,934.43,751.2,1.32819126486168,12,True,12|11|27,0.908429|0.090681|0.000266,True
n162,162,12,934.43,751.2,1.27985923032531,12,True,12|11|16,0.985643|0.012341|0.000543,True
n162,162,12,934.43,751.2,1.59981956624379,12,True,12|11|16,0.997077|0.002677|0.000102,True
n162,162,12,934.43,751.2,0.523735304239472,12,True,12|11|27,0.678512|0.280817|0.026183,True
n162,162,12,934.43,751.2,0.752845551511656,12,True,12|11|5,0.876354|0.122779|0.000163,True
n162,162,12,934.43,751.2,1.62084815733356,12,True,12|11|7,0.997353|0.002246|0.000126,True
n162,162,12,934.43,751.2,2.14386281046627,12,True,12|11|16,0.996439|0.003332|0.000042,True
n162,162,12,934.43,751.2,1.42423755336635,12,True,12|11|27,0.987140|0.011912|0.000488,True
n162,162,12,934.43,751.2,0.756827225580839,12,True,12|11|8,0.959353|0.031884|0.002543,True
n162,162,12,934.43,751.2,2.39329483735411,12,True,12|11|27,0.967448|0.031358|0.000303,True
n162,162,12,934.43,751.2,1.26906859420738,12,True,12|11|16,0.972427|0.026689|0.000204,True
n162,162,12,934.43,751.2,1.23006894232232,12,True,12|11|16,0.669309|0.329170|0.000515,True
n162,162,12,934.43,751.2,0.945753627228247,12,True,12|11|8,0.827137|0.169038|0.000786,True
n165,165,15,719.47,340.87,1.39421322256969,15,True,15|2|16,0.999801|0.000077|0.000025,True
n165,165,15,719.47,340.87,0.50353185981156,15,True,15|16|2,0.666035|0.316072|0.012870,True
n165,165,15,719.47,340.87,1.22940368089523,15,True,15|2|16,0.999754|0.000114|0.000020,True
n165,165,15,719.47,340.87,1.42988992363631,15,True,15|2|16,0.999619|0.000249|0.000021,True
n165,165,15,719.47,340.87,1.24615692199071,15,True,15|2|12,0.997036|0.001159|0.000468,True
n165,165,15,719.47,340.87,1.3282974859935,15,True,15|2|28,0.999679|0.000210|0.000013,True
n165,165,15,719.47,340.87,0.545897150512393,15,True,15|2|16,0.998593|0.000795|0.000102,True
n165,165,15,719.47,340.87,1.41403137209274,15,True,15|2|28,0.999267|0.000394|0.000097,True
n165,165,15,719.47,340.87,1.36087233051506,15,True,15|2|16,0.999691|0.000176|0.000017,True
n165,165,15,719.47,340.87,1.28523755506844,15,True,15|2|12,0.999810|0.000051|0.000025,True
n165,165,15,719.47,340.87,0.511415131793617,15,True,15|2|16,0.955355|0.038793|0.002260,True
n165,165,15,719.47,340.87,1.30756778114205,15,True,15|2|11,0.999819|0.000072|0.000016,True
n165,165,15,719.47,340.87,1.38596216649732,15,True,15|2|16,0.999723|0.000150|0.000016,True
n165,165,15,719.47,340.87,1.09086595723977,15,True,15|2|16,0.999624|0.000209|0.000047,True
n165,165,15,719.47,340.87,1.6012417243495,15,True,15|2|16,0.999743|0.000118|0.000023,True
n165,165,15,719.47,340.87,0.679902730413186,15,True,15|2|28,0.999630|0.000157|0.000033,True
n165,165,15,719.47,340.87,0.52783957979716,15,True,15|16|2,0.975887|0.022481|0.000656,True
n165,165,15,719.47,340.87,0.532221803391425,15,True,15|16|2,0.970131|0.028638|0.000424,True
n165,165,15,719.47,340.87,2.16636344413952,15,True,15|2|12,0.999564|0.000158|0.000056,True
n165,165,15,719.47,340.87,0.717078356957745,15,True,15|16|2,0.999442|0.000242|0.000154,True
n167,167,12,920.7,627.75,1.12044797718751,12,True,12|11|16,0.999568|0.000322|0.000026,True
n167,167,12,920.7,627.75,0.728624051490548,12,True,12|11|27,0.989955|0.004963|0.003640,True
n167,167,12,920.7,627.75,1.26919689727641,12,True,12|11|16,0.999252|0.000455|0.000159,True
n167,167,12,920.7,627.75,1.39712850861096,12,True,12|11|16,0.999578|0.000277|0.000033,True
n167,167,12,920.7,627.75,2.27366643338782,12,True,12|11|27,0.999342|0.000371|0.000149,True
n167,167,12,920.7,627.75,1.67797030149134,12,True,12|11|16,0.999181|0.000518|0.000142,True
n167,167,12,920.7,627.75,1.38545825985382,12,True,12|11|8,0.998696|0.001151|0.000031,True
n167,167,12,920.7,627.75,2.13265313788254,12,True,12|11|27,0.997917|0.001748|0.000165,True
n167,167,12,920.7,627.75,2.0766586228368,12,True,12|11|8,0.999362|0.000520|0.000022,True
n167,167,12,920.7,627.75,1.71307903800104,12,True,12|11|16,0.999479|0.000323|0.000119,True
n167,167,12,920.7,627.75,1.56510959918012,12,True,12|11|16,0.999597|0.000223|0.000130,True
n167,167,12,920.7,627.75,1.63520078898179,12,True,12|11|27,0.998737|0.001073|0.000057,True
n167,167,12,920.7,627.75,0.915591516742972,12,True,12|11|16,0.999594|0.000191|0.000093,True
n167,167,12,920.7,627.75,0.506518726803411,12,True,12|11|16,0.838667|0.137271|0.009921,True
n167,167,12,920.7,627.75,0.568803675272484,12,True,12|11|16,0.976586|0.009327|0.008021,True
n167,167,12,920.7,627.75,1.28784475254462,12,True,12|11|16,0.997056|0.002351|0.000292,True
n167,167,12,920.7,627.75,1.08616923537138,12,True,12|16|11,0.983901|0.015167|0.000560,True
n167,167,12,920.7,627.75,0.490779393031941,12,True,12|11|8,0.910561|0.078309|0.003476,True
n167,167,12,920.7,627.75,1.34359686276043,12,True,12|11|16,0.997690|0.001865|0.000241,True
n167,167,12,920.7,627.75,2.03346375328536,12,True,12|11|16,0.999672|0.000175|0.000080,True
n168,168,16,872.72,528.28,1.48806647717382,16,True,16|12|11,0.999550|0.000204|0.000189,True
n168,168,16,872.72,528.28,0.852323555913785,16,True,16|11|12,0.999460|0.000291|0.000156,True
n168,168,16,872.72,528.28,1.14894654339364,16,True,16|11|12,0.995435|0.003526|0.000657,True
n168,168,16,872.72,528.28,0.945349420647668,16,True,16|12|11,0.929397|0.069751|0.000631,True
n168,168,16,872.72,528.28,1.35853904404831,16,True,16|11|12,0.999804|0.000084|0.000048,True
n168,168,16,872.72,528.28,0.520588875931977,16,True,16|12|11,0.980008|0.010694|0.007832,True
n168,168,16,872.72,528.28,1.57328290017295,16,True,16|11|12,0.999906|0.000041|0.000037,True
n168,168,16,872.72,528.28,1.26712730159142,16,True,16|11|12,0.999597|0.000263|0.000082,True
n168,168,16,872.72,528.28,2.01800102935465,16,True,16|12|11,0.999444|0.000294|0.000228,True
n168,168,16,872.72,528.28,1.05297578202995,16,True,16|11|12,0.999482|0.000431|0.000044,True
n168,168,16,872.72,528.28,1.84747378022048,16,True,16|12|11,0.999727|0.000152|0.000079,True
n168,168,16,872.72,528.28,1.35281877848143,16,True,16|11|12,0.999710|0.000178|0.000090,True
n168,168,16,872.72,528.28,1.49621556983744,16,True,16|11|12,0.998204|0.001513|0.000154,True
n168,168,16,872.72,528.28,0.468938349392862,16,True,16|11|27,0.888046|0.105071|0.003200,True
n168,168,16,872.72,528.28,1.90101168050474,16,True,16|12|11,0.999843|0.000083|0.000042,True
n168,168,16,872.72,528.28,1.48093207317744,16,True,16|12|11,0.761693|0.169599|0.066750,True
n168,168,16,872.72,528.28,0.978546908362532,16,True,16|11|12,0.999700|0.000170|0.000094,True
n168,168,16,872.72,528.28,1.06511429952177,16,True,16|11|12,0.999752|0.000182|0.000034,True
n168,168,16,872.72,528.28,0.71399383998484,16,True,16|11|12,0.927229|0.066193|0.003502,True
n168,168,16,872.72,528.28,1.01752192894101,16,True,16|11|12,0.998261|0.000832|0.000596,True
n171,171,16,893.49,538.09,0.906280237065045,16,True,16|11|12,0.996278|0.003350|0.000164,True
n171,171,16,893.49,538.09,1.66754985058198,16,True,16|11|12,0.999799|0.000147|0.000026,True
n171,171,16,893.49,538.09,2.40886625722117,16,True,16|11|12,0.999666|0.000130|0.000104,True
n171,171,16,893.49,538.09,0.731558783283449,16,True,16|11|12,0.983302|0.011060|0.003650,True
n171,171,16,893.49,538.09,0.497637295128673,16,True,16|12|11,0.727778|0.254374|0.011240,True
n171,171,16,893.49,538.09,1.58531694349389,16,True,16|11|12,0.999840|0.000072|0.000047,True
n171,171,16,893.49,538.09,0.7173892167759,11,False,11|16|27,0.546148|0.370294|0.054187,True
n171,171,16,893.49,538.09,0.919459663182032,16,True,16|11|12,0.958655|0.029368|0.011120,True
n171,171,16,893.49,538.09,1.95830060919004,16,True,16|11|12,0.995929|0.003606|0.000308,True
n171,171,16,893.49,538.09,1.48601654111474,16,True,16|11|12,0.999241|0.000588|0.000086,True
n171,171,16,893.49,538.09,1.15187855589691,16,True,16|11|12,0.999908|0.000045|0.000018,True
n171,171,16,893.49,538.09,1.02219374362625,16,True,16|11|12,0.999192|0.000410|0.000310,True
n171,171,16,893.49,538.09,1.10847382403114,16,True,16|11|27,0.999812|0.000106|0.000055,True
n171,171,16,893.49,538.09,1.37744077001702,16,True,16|11|12,0.995353|0.003829|0.000527,True
n171,171,16,893.49,538.09,1.63400121318404,16,True,16|11|27,0.999472|0.000392|0.000057,True
n171,171,16,893.49,538.09,0.844146154559199,12,False,12|16|11,0.454182|0.396460|0.114954,True
n171,171,16,893.49,538.09,1.96388227325091,16,True,16|11|27,0.999827|0.000105|0.000027,True
n171,171,16,893.49,538.09,1.28956300719851,16,True,16|11|12,0.999797|0.000113|0.000068,True
n171,171,16,893.49,538.09,1.3062801644741,16,True,16|12|11,0.999860|0.000071|0.000041,True
n171,171,16,893.49,538.09,2.23099919299146,16,True,16|11|12,0.999352|0.000493|0.000066,True
n174,174,11,953.71,566.54,1.10817821208056,11,True,11|16|12,0.750206|0.128092|0.119619,True
n174,174,11,953.71,566.54,0.51039007244791,12,False,12|16|11,0.896085|0.080159|0.020174,True
n174,174,11,953.71,566.54,1.58239536200989,11,True,11|12|16,0.567329|0.356958|0.068753,True
n174,174,11,953.71,566.54,1.60353892003925,11,True,11|16|12,0.840184|0.121150|0.033873,True
n174,174,11,953.71,566.54,1.25918228676471,16,False,16|12|11,0.871355|0.096254|0.031037,True
n174,174,11,953.71,566.54,2.09755705129254,11,True,11|16|12,0.660027|0.318190|0.014650,True
n174,174,11,953.71,566.54,0.739933324699596,16,False,16|11|27,0.591849|0.337050|0.035262,True
n174,174,11,953.71,566.54,2.13803504288512,16,False,16|11|12,0.919699|0.075034|0.003208,True
n174,174,11,953.71,566.54,1.69968743989151,11,True,11|16|12,0.659012|0.196233|0.135773,True
n174,174,11,953.71,566.54,0.46472152772628,12,False,12|16|11,0.902197|0.058847|0.018034,True
n174,174,11,953.71,566.54,2.16879305677056,16,False,16|11|12,0.566607|0.423266|0.005198,True
n174,174,11,953.71,566.54,0.527474597494295,12,False,12|16|11,0.623740|0.273768|0.094697,True
n174,174,11,953.71,566.54,1.6500421982818,11,True,11|16|12,0.880500|0.074851|0.033088,True
n174,174,11,953.71,566.54,1.10481404297085,16,False,16|11|12,0.511138|0.477521|0.007922,True
n174,174,11,953.71,566.54,0.837464329955544,12,False,12|16|11,0.394262|0.315810|0.239682,True
n174,174,11,953.71,566.54,2.12094227414242,11,True,11|16|12,0.753695|0.112462|0.103241,True
n174,174,11,953.71,566.54,1.19351117448627,11,True,11|16|27,0.857782|0.097488|0.030734,True
n174,174,11,953.71,566.54,1.46362442180718,11,True,11|12|16,0.867264|0.066713|0.062469,True
n174,174,11,953.71,566.54,1.3272273965424,16,False,16|11|27,0.935437|0.046248|0.014806,True
n174,174,11,953.71,566.54,2.03504490622564,11,True,11|16|12,0.925840|0.041265|0.027376,True
n188,188,16,936.66,285.66,1.98170174654504,16,True,16|27|11,0.999607|0.000207|0.000115,True
n188,188,16,936.66,285.66,0.44549898860831,16,True,16|27|12,0.967672|0.026325|0.002698,True
n188,188,16,936.66,285.66,1.30322024288757,16,True,16|27|11,0.999871|0.000089|0.000017,True
n188,188,16,936.66,285.66,2.42251217157665,16,True,16|27|11,0.999753|0.000210|0.000013,True
n188,188,16,936.66,285.66,1.79737046078428,16,True,16|27|11,0.999640|0.000258|0.000065,True
n188,188,16,936.66,285.66,1.20508898109779,16,True,16|27|11,0.999610|0.000297|0.000037,True
n188,188,16,936.66,285.66,0.558795060863531,16,True,16|27|11,0.886527|0.080603|0.025250,True
n188,188,16,936.66,285.66,1.94891720595257,16,True,16|27|11,0.999666|0.000275|0.000021,True
n188,188,16,936.66,285.66,1.4246029407602,16,True,16|27|11,0.998869|0.001057|0.000039,True
n188,188,16,936.66,285.66,1.49843399953772,16,True,16|27|11,0.994823|0.002926|0.001583,True
n188,188,16,936.66,285.66,2.06019231537384,16,True,16|27|11,0.998160|0.001670|0.000070,True
n188,188,16,936.66,285.66,1.61820248177655,16,True,16|27|11,0.999849|0.000064|0.000058,True
n188,188,16,936.66,285.66,1.43519138245605,16,True,16|27|11,0.999661|0.000264|0.000050,True
n188,188,16,936.66,285.66,0.725435449049749,16,True,16|12|27,0.999666|0.000144|0.000074,True
n188,188,16,936.66,285.66,1.05491069694842,16,True,16|27|11,0.995297|0.003044|0.001210,True
n188,188,16,936.66,285.66,1.05620487166555,16,True,16|27|11,0.994687|0.004433|0.000525,True
n188,188,16,936.66,285.66,1.04546431963952,16,True,16|27|11,0.999734|0.000164|0.000055,True
n188,188,16,936.66,285.66,1.47476053521847,16,True,16|27|11,0.995184|0.002763|0.001746,True
n188,188,16,936.66,285.66,1.0445306156894,16,True,16|27|11,0.998242|0.001275|0.000188,True
n188,188,16,936.66,285.66,1.27138129263674,16,True,16|27|11,0.998839|0.001073|0.000033,True
n190,190,11,1072.1,487.17,0.993248274856954,11,True,11|27|8,0.902960|0.062858|0.030331,True
n190,190,11,1072.1,487.17,2.0517589709206,27,False,27|11|8,0.697582|0.296886|0.004364,True
n190,190,11,1072.1,487.17,0.465073420049431,11,True,11|27|12,0.868371|0.094723|0.012228,True
n190,190,11,1072.1,487.17,1.96665084958532,11,True,11|27|8,0.918308|0.074533|0.005622,True
n190,190,11,1072.1,487.17,0.601480867072777,27,False,27|11|8,0.868618|0.076163|0.032307,True
n190,190,11,1072.1,487.17,0.834656418663217,11,True,11|27|8,0.655132|0.329097|0.006131,True
n190,190,11,1072.1,487.17,1.73159805535905,27,False,27|11|8,0.813421|0.182629|0.003100,True
n190,190,11,1072.1,487.17,1.89883693751037,11,True,11|27|8,0.924226|0.069320|0.002582,True
n190,190,11,1072.1,487.17,2.21917912172824,27,False,27|11|8,0.910583|0.083675|0.004938,True
n190,190,11,1072.1,487.17,1.01504393863925,11,True,11|27|8,0.914046|0.066545|0.010648,True
n190,190,11,1072.1,487.17,1.23225039185838,11,True,11|27|8,0.897981|0.090300|0.003788,True
n190,190,11,1072.1,487.17,1.12173623647021,27,False,27|11|8,0.619421|0.331840|0.045184,True
n190,190,11,1072.1,487.17,1.01480214592264,11,True,11|27|8,0.981777|0.010941|0.005195,True
n190,190,11,1072.1,487.17,1.2253594995587,11,True,11|27|16,0.627599|0.358462|0.006617,True
n190,190,11,1072.1,487.17,0.73305541125113,11,True,11|27|8,0.935875|0.048701|0.008424,True
n190,190,11,1072.1,487.17,0.953689782446216,8,False,8|11|17,0.490882|0.467653|0.019874,True
n190,190,11,1072.1,487.17,0.688598312449152,11,True,11|8|27,0.887475|0.055992|0.038274,True
n190,190,11,1072.1,487.17,2.26255518869909,11,True,11|27|8,0.594314|0.403464|0.001269,True
n190,190,11,1072.1,487.17,0.741286548506523,16,False,16|27|11,0.808103|0.149335|0.036868,True
n190,190,11,1072.1,487.17,0.514969453420875,27,False,27|16|12,0.712935|0.129412|0.073033,False
n203,203,8,1563.84,639.4,1.46995300252006,8,True,8|17|11,0.831537|0.096057|0.056703,True
n203,203,8,1563.84,639.4,0.447115096064234,8,True,8|27|11,0.687678|0.166870|0.123003,True
n203,203,8,1563.84,639.4,2.13253408856012,8,True,8|17|11,0.978732|0.010261|0.009816,True
n203,203,8,1563.84,639.4,1.22642731832674,8,True,8|11|27,0.898732|0.057535|0.035833,True
n203,203,8,1563.84,639.4,0.510542735704575,11,False,11|17|12,0.803442|0.086348|0.034005,False
n203,203,8,1563.84,639.4,1.17756849036175,11,False,11|27|8,0.837991|0.127027|0.024112,True
n203,203,8,1563.84,639.4,1.37477508557308,8,True,8|11|17,0.939791|0.031515|0.022516,True
n203,203,8,1563.84,639.4,0.42328901281431,8,True,8|11|27,0.523651|0.271772|0.173368,True
n203,203,8,1563.84,639.4,0.894931480911278,17,False,17|8|11,0.489395|0.485368|0.021848,True
n203,203,8,1563.84,639.4,1.44165773121436,8,True,8|17|11,0.477638|0.353066|0.129474,True
n203,203,8,1563.84,639.4,1.95668323529854,8,True,8|17|11,0.771339|0.183748|0.040166,True
n203,203,8,1563.84,639.4,1.31795278418379,8,True,8|17|11,0.764205|0.143872|0.090089,True
n203,203,8,1563.84,639.4,0.971968221217873,8,True,8|11|27,0.526088|0.257404|0.212909,True
n203,203,8,1563.84,639.4,1.35262072195181,8,True,8|11|17,0.936375|0.045296|0.015369,True
n203,203,8,1563.84,639.4,1.27178225744614,8,True,8|11|27,0.683502|0.297675|0.013452,True
n203,203,8,1563.84,639.4,0.73124884020998,17,False,17|8|11,0.679205|0.165736|0.142177,True
n203,203,8,1563.84,639.4,1.35578755095794,8,True,8|17|11,0.512832|0.377557|0.101975,True
n203,203,8,1563.84,639.4,1.03527330934958,8,True,8|27|11,0.737002|0.101329|0.100962,True
n203,203,8,1563.84,639.4,0.771665771388783,11,False,11|8|17,0.829990|0.119356|0.025641,True
n203,203,8,1563.84,639.4,0.470406606463849,17,False,17|11|8,0.739032|0.198723|0.043566,True
n207,207,8,1558.76,511.02,0.807646976574878,23,False,23|8|3,0.709494|0.285573|0.002674,True
n207,207,8,1558.76,511.02,0.490218625674928,23,False,23|8|3,0.961415|0.035774|0.000755,True
n207,207,8,1558.76,511.02,0.703996174212162,23,False,23|8|3,0.563925|0.419273|0.007192,True
n207,207,8,1558.76,511.02,0.714655735313208,23,False,23|8|3,0.762011|0.232715|0.002496,True
n207,207,8,1558.76,511.02,0.4184801924783,23,False,23|8|3,0.803425|0.181817|0.008149,True
n207,207,8,1558.76,511.02,1.60167867617231,23,False,23|8|3,0.771651|0.225103|0.000886,True
n207,207,8,1558.76,511.02,0.434001028961433,23,False,23|8|3,0.942499|0.052067|0.002076,True
n207,207,8,1558.76,511.02,1.81434293959741,23,False,23|8|3,0.874770|0.117869|0.004651,True
n207,207,8,1558.76,511.02,0.716814276402699,8,True,8|23|3,0.635400|0.360716|0.001105,True
n207,207,8,1558.76,511.02,2.02322075678415,23,False,23|8|3,0.840619|0.154655|0.002598,True
n207,207,8,1558.76,511.02,1.33096327031237,23,False,23|8|3,0.796899|0.202432|0.000173,True
n207,207,8,1558.76,511.02,1.59374771453347,23,False,23|8|3,0.532075|0.466445|0.000313,True
n207,207,8,1558.76,511.02,1.24968475626846,23,False,23|8|3,0.656758|0.331103|0.009112,True
n207,207,8,1558.76,511.02,1.16303804561634,8,True,8|23|3,0.569451|0.428784|0.000718,True
n207,207,8,1558.76,511.02,0.958401906480824,23,False,23|8|3,0.652065|0.342706|0.003539,True
n207,207,8,1558.76,511.02,1.07735828456089,23,False,23|8|3,0.614256|0.381705|0.001963,True
n207,207,8,1558.76,511.02,1.02268687749404,23,False,23|8|3,0.818012|0.180298|0.000547,True
n207,207,8,1558.76,511.02,0.451463225347228,23,False,23|8|3,0.944591|0.038675|0.010380,True
n207,207,8,1558.76,511.02,2.27321175520687,23,False,23|8|17,0.848987|0.149238|0.000275,True
n207,207,8,1558.76,511.02,0.771657218750824,23,False,23|8|3,0.940655|0.057214|0.000790,True
n210,210,8,1636.29,517.86,0.904473426893229,23,False,23|8|3,0.637771|0.358975|0.000546,True
n210,210,8,1636.29,517.86,0.990822961991794,23,False,23|8|17,0.806524|0.190244|0.000924,True
n210,210,8,1636.29,517.86,1.17959910603348,8,True,8|23|17,0.557499|0.440275|0.000349,True
n210,210,8,1636.29,517.86,1.1616638883403,23,False,23|8|3,0.700487|0.297389|0.000737,True
n210,210,8,1636.29,517.86,0.506603268181939,23,False,23|8|3,0.619413|0.343240|0.014850,True
n210,210,8,1636.29,517.86,0.485362891796996,23,False,23|8|3,0.965650|0.032941|0.000286,True
n210,210,8,1636.29,517.86,2.0257613304968,23,False,23|8|3,0.941016|0.055939|0.001536,True
n210,210,8,1636.29,517.86,1.91130328909019,23,False,23|8|3,0.562368|0.435722|0.000638,True
n210,210,8,1636.29,517.86,0.697437653598063,8,True,8|23|3,0.524405|0.455892|0.016367,True
n210,210,8,1636.29,517.86,2.17946566981715,23,False,23|8|3,0.801379|0.195344|0.001352,True
n210,210,8,1636.29,517.86,0.752199984314086,23,False,23|8|3,0.682061|0.316469|0.000208,True
n210,210,8,1636.29,517.86,1.00274145964806,23,False,23|8|3,0.756618|0.239123|0.002468,True
n210,210,8,1636.29,517.86,2.08085200572543,23,False,23|8|3,0.838124|0.159840|0.000759,True
n210,210,8,1636.29,517.86,1.11845850297801,23,False,23|8|3,0.545181|0.451649|0.000529,True
n210,210,8,1636.29,517.86,0.500117721695813,23,False,23|8|7,0.921106|0.053984|0.008431,True
n210,210,8,1636.29,517.86,1.77510041196929,23,False,23|8|3,0.713599|0.283950|0.000597,True
n210,210,8,1636.29,517.86,1.46867291245749,23,False,23|8|3,0.701152|0.297912|0.000151,True
n210,210,8,1636.29,517.86,0.529410221539952,23,False,23|8|3,0.811213|0.144801|0.029102,True
n210,210,8,1636.29,517.86,0.689095895037293,23,False,23|8|3,0.691694|0.300054|0.004251,True
n210,210,8,1636.29,517.86,0.481837786981674,23,False,23|8|17,0.956277|0.040603|0.001697,True
n222,222,3,1641.48,840.68,1.07647285073791,3,True,3|17|8,0.998832|0.000532|0.000430,True
n222,222,3,1641.48,840.68,1.35084394344527,3,True,3|8|17,0.999422|0.000258|0.000219,True
n222,222,3,1641.48,840.68,0.975617217622008,3,True,3|17|8,0.989916|0.008881|0.000707,True
n222,222,3,1641.48,840.68,1.6005156798232,3,True,3|8|17,0.999189|0.000446|0.000268,True
n222,222,3,1641.48,840.68,0.452555123136219,3,True,3|23|7,0.995701|0.001262|0.000625,True
n222,222,3,1641.48,840.68,1.48519277155905,3,True,3|8|17,0.998550|0.001227|0.000118,True
n222,222,3,1641.48,840.68,0.484130800516302,3,True,3|8|17,0.984786|0.006300|0.003151,True
n222,222,3,1641.48,840.68,1.6915292904737,3,True,3|17|8,0.999091|0.000420|0.000343,True
n222,222,3,1641.48,840.68,2.23834036145106,3,True,3|8|17,0.999368|0.000465|0.000091,True
n222,222,3,1641.48,840.68,1.35413871527022,3,True,3|8|17,0.999181|0.000431|0.000247,True
n222,222,3,1641.48,840.68,1.89176592793277,3,True,3|17|8,0.999560|0.000316|0.000053,True
n222,222,3,1641.48,840.68,0.781150541788538,3,True,3|17|8,0.998833|0.000972|0.000064,True
n222,222,3,1641.48,840.68,1.23791144812069,3,True,3|8|17,0.994329|0.003065|0.002205,True
n222,222,3,1641.48,840.68,0.729351245641704,3,True,3|17|8,0.778796|0.162876|0.052714,True
n222,222,3,1641.48,840.68,1.69514790904314,3,True,3|8|17,0.999065|0.000486|0.000277,True
n222,222,3,1641.48,840.68,1.0368780342148,3,True,3|17|8,0.997392|0.001933|0.000411,True
n222,222,3,1641.48,840.68,2.02262891397055,3,True,3|17|8,0.998874|0.000523|0.000480,True
n222,222,3,1641.48,840.68,1.37088265567323,3,True,3|17|8,0.995353|0.002910|0.001175,True
n222,222,3,1641.48,840.68,1.0689749333255,3,True,3|17|8,0.997651|0.001669|0.000497,True
n222,222,3,1641.48,840.68,1.04657548986428,3,True,3|8|17,0.997393|0.001631|0.000615,True
n224,224,3,1691.99,782.26,0.947452659037294,3,True,3|8|14,0.999282|0.000306|0.000150,True
n224,224,3,1691.99,782.26,0.563213646259353,3,True,3|25|14,0.978498|0.008941|0.008091,True
n224,224,3,1691.99,782.26,0.490535778742504,3,True,3|14|23,0.880088|0.105308|0.004941,True
n224,224,3,1691.99,782.26,1.05125092510048,3,True,3|25|14,0.998262|0.000755|0.000421,True
n224,224,3,1691.99,782.26,0.938627355219044,3,True,3|8|14,0.997003|0.001550|0.000995,True
n224,224,3,1691.99,782.26,0.711721306571417,3,True,3|14|23,0.975368|0.022611|0.000691,True
n224,224,3,1691.99,782.26,0.96016009954239,3,True,3|25|14,0.988267|0.006661|0.002932,True
n224,224,3,1691.99,782.26,1.02192131593842,3,True,3|14|8,0.999419|0.000191|0.000134,True
n224,224,3,1691.99,782.26,1.11825550897884,3,True,3|14|23,0.999020|0.000727|0.000110,True
n224,224,3,1691.99,782.26,0.79710526547697,3,True,3|14|25,0.992739|0.006389|0.000355,True
n224,224,3,1691.99,782.26,0.553153857331784,3,True,3|14|25,0.973673|0.013366|0.009435,True
n224,224,3,1691.99,782.26,1.18454109485031,3,True,3|14|25,0.997436|0.001849|0.000299,True
n224,224,3,1691.99,782.26,0.794325981103705,3,True,3|14|25,0.995884|0.001831|0.001592,True
n224,224,3,1691.99,782.26,1.90824650902651,3,True,3|14|25,0.999139|0.000465|0.000180,True
n224,224,3,1691.99,782.26,1.36659639831289,3,True,3|14|23,0.999580|0.000195|0.000088,True
n224,224,3,1691.99,782.26,1.83078751163996,3,True,3|14|23,0.998944|0.000653|0.000157,True
n224,224,3,1691.99,782.26,1.48784263439027,3,True,3|14|8,0.997341|0.002321|0.000102,True
n224,224,3,1691.99,782.26,2.04436240469154,3,True,3|14|23,0.997192|0.002054|0.000270,True
n224,224,3,1691.99,782.26,1.86391982649178,3,True,3|14|8,0.999038|0.000593|0.000206,True
n224,224,3,1691.99,782.26,1.17325714096728,3,True,3|25|14,0.953748|0.045521|0.000248,True
n233,233,23,1754.99,555.7,0.774667629425983,3,False,3|8|23,0.764632|0.147724|0.086565,True
n233,233,23,1754.99,555.7,1.12916434715418,23,True,23|8|17,0.519361|0.477637|0.001197,True
n233,233,23,1754.99,555.7,1.51489341885133,23,True,23|8|3,0.845880|0.152066|0.000513,True
n233,233,23,1754.99,555.7,0.982565609262151,8,False,8|23|3,0.578398|0.416802|0.001791,True
n233,233,23,1754.99,555.7,1.17430261747341,23,True,23|8|3,0.803136|0.193966|0.001151,True
n233,233,23,1754.99,555.7,0.506497235075467,23,True,23|8|5,0.959605|0.032748|0.002104,True
n233,233,23,1754.99,555.7,1.43928101364649,23,True,23|8|3,0.575159|0.421568|0.002101,True
n233,233,23,1754.99,555.7,1.81640487621246,8,False,8|23|3,0.505981|0.490641|0.001655,True
n233,233,23,1754.99,555.7,1.41181452564285,23,True,23|8|3,0.840939|0.157769|0.000441,True
n233,233,23,1754.99,555.7,0.444728445819477,23,True,23|25|8,0.769393|0.107413|0.075836,True
n233,233,23,1754.99,555.7,1.22562682032166,23,True,23|8|3,0.590373|0.407487|0.000558,True
n233,233,23,1754.99,555.7,1.21505763852306,23,True,23|8|3,0.958390|0.039040|0.001999,True
n233,233,23,1754.99,555.7,0.556709947876341,23,True,23|8|3,0.942955|0.050306|0.003356,True
n233,233,23,1754.99,555.7,1.5000148011365,23,True,23|8|3,0.974122|0.024620|0.000585,True
n233,233,23,1754.99,555.7,1.17467009698601,23,True,23|8|17,0.790442|0.207234|0.000488,True
n233,233,23,1754.99,555.7,1.38862785252158,23,True,23|8|3,0.501486|0.494583|0.001322,True
n233,233,23,1754.99,555.7,1.32449597083715,23,True,23|8|3,0.828860|0.150637|0.018711,True
n233,233,23,1754.99,555.7,1.09053057916799,23,True,23|8|17,0.693967|0.304711|0.000312,True
n233,233,23,1754.99,555.7,0.737441408546802,23,True,23|8|3,0.797480|0.197589|0.002591,True
n233,233,23,1754.99,555.7,1.12832589331502,23,True,23|8|17,0.623125|0.368046|0.004226,True
n235,235,14,1898.19,772.99,0.866668810252721,3,False,3|14|8,0.936820|0.059370|0.001897,True
n235,235,14,1898.19,772.99,1.03613421333871,3,False,3|14|8,0.769126|0.214722|0.006551,True
n235,235,14,1898.19,772.99,1.13076605267932,3,False,3|14|8,0.961619|0.036283|0.000926,True
n235,235,14,1898.19,772.99,1.31750999180778,3,False,3|14|25,0.989618|0.006637|0.001402,True
n235,235,14,1898.19,772.99,0.517388680149536,3,False,3|14|25,0.989271|0.005304|0.003359,True
n235,235,14,1898.19,772.99,0.473287748007627,14,True,14|3|25,0.633122|0.352778|0.010402,True
n235,235,14,1898.19,772.99,0.515402429578997,3,False,3|14|8,0.981172|0.011968|0.003263,True
n235,235,14,1898.19,772.99,1.17685730527157,3,False,3|14|25,0.941309|0.045322|0.010480,True
n235,235,14,1898.19,772.99,1.26930023268619,3,False,3|14|8,0.994626|0.004782|0.000228,True
n235,235,14,1898.19,772.99,1.82575933760207,3,False,3|14|25,0.987234|0.010120|0.001775,True
n235,235,14,1898.19,772.99,0.454039062905164,3,False,3|14|25,0.859420|0.061252|0.059703,True
n235,235,14,1898.19,772.99,0.440840177397911,3,False,3|25|8,0.991916|0.005537|0.000765,False
n235,235,14,1898.19,772.99,0.529714883789409,3,False,3|14|25,0.980474|0.009910|0.008106,True
n235,235,14,1898.19,772.99,0.554863019287254,3,False,3|14|23,0.991495|0.005190|0.001171,True
n235,235,14,1898.19,772.99,1.32338408755846,3,False,3|14|8,0.992769|0.004783|0.000818,True
n235,235,14,1898.19,772.99,0.729443560709292,3,False,3|14|25,0.951150|0.035462|0.005856,True
n235,235,14,1898.19,772.99,0.482264981237399,3,False,3|14|25,0.950820|0.031479|0.006167,True
n235,235,14,1898.19,772.99,2.10831196708645,3,False,3|14|25,0.993160|0.005811|0.000419,True
n235,235,14,1898.19,772.99,1.95085786244002,3,False,3|14|8,0.866173|0.132309|0.000468,True
n235,235,14,1898.19,772.99,0.462856260162558,3,False,3|14|25,0.868303|0.115394|0.006204,True
n248,248,25,2101.21,945.9,1.49811292011109,25,True,25|14|3,0.999319|0.000373|0.000129,True
n248,248,25,2101.21,945.9,1.28304411087535,25,True,25|3|23,0.999668|0.000140|0.000107,True
n248,248,25,2101.21,945.9,1.10933234190708,25,True,25|3|23,0.999049|0.000671|0.000128,True
n248,248,25,2101.21,945.9,1.90395741148939,25,True,25|3|23,0.999260|0.000371|0.000193,True
n248,248,25,2101.21,945.9,1.92461301893318,25,True,25|3|23,0.998539|0.001252|0.000066,True
n248,248,25,2101.21,945.9,1.80194191747238,25,True,25|3|23,0.999089|0.000585|0.000142,True
n248,248,25,2101.21,945.9,0.747911208612434,25,True,25|3|23,0.999253|0.000467|0.000108,True
n248,248,25,2101.21,945.9,0.958964143255422,25,True,25|3|23,0.998674|0.000793|0.000206,True
n248,248,25,2101.21,945.9,1.22555921634365,25,True,25|3|14,0.995595|0.002101|0.001529,True
n248,248,25,2101.21,945.9,0.687487768228109,25,True,25|3|23,0.998115|0.000682|0.000495,True
n248,248,25,2101.21,945.9,1.2651730673395,25,True,25|3|8,0.999828|0.000106|0.000023,True
n248,248,25,2101.21,945.9,0.534981058086915,25,True,25|14|3,0.995040|0.002890|0.000850,True
n248,248,25,2101.21,945.9,1.07848360425356,25,True,25|23|3,0.999191|0.000389|0.000197,True
n248,248,25,2101.21,945.9,1.13720633446721,25,True,25|3|8,0.999046|0.000398|0.000202,True
n248,248,25,2101.21,945.9,1.97281514544503,25,True,25|3|14,0.999271|0.000342|0.000154,True
n248,248,25,2101.21,945.9,2.19985803999013,25,True,25|3|23,0.999439|0.000358|0.000079,True
n248,248,25,2101.21,945.9,0.536372075942246,25,True,25|3|23,0.998651|0.000594|0.000423,True
n248,248,25,2101.21,945.9,0.993223179073968,25,True,25|3|14,0.999021|0.000367|0.000342,True
n248,248,25,2101.21,945.9,0.514687165770753,25,True,25|14|3,0.988512|0.006872|0.001765,True
n248,248,25,2101.21,945.9,0.927923015277337,25,True,25|14|3,0.996845|0.001877|0.000690,True
n249,249,25,2103.47,894.66,1.98315736035457,25,True,25|14|23,0.999291|0.000568|0.000052,True
n249,249,25,2103.47,894.66,0.887246831652477,25,True,25|14|23,0.999529|0.000380|0.000034,True
n249,249,25,2103.47,894.66,1.31487034448878,25,True,25|14|23,0.994285|0.005358|0.000148,True
n249,249,25,2103.47,894.66,0.983797515754314,25,True,25|14|23,0.999548|0.000338|0.000046,True
n249,249,25,2103.47,894.66,1.26737819571354,25,True,25|14|23,0.999488|0.000423|0.000036,True
n249,249,25,2103.47,894.66,1.53333470717054,25,True,25|14|23,0.999679|0.000228|0.000039,True
n249,249,25,2103.47,894.66,2.01388100333927,25,True,25|14|23,0.999350|0.000554|0.000055,True
n249,249,25,2103.47,894.66,1.17535450439967,25,True,25|14|23,0.999801|0.000125|0.000041,True
n249,249,25,2103.47,894.66,0.795277577204383,25,True,25|14|23,0.998842|0.000854|0.000095,True
n249,249,25,2103.47,894.66,1.60084730488594,25,True,25|23|14,0.999681|0.000117|0.000077,True
n249,249,25,2103.47,894.66,0.788353388131599,25,True,25|4|23,0.998911|0.000467|0.000196,True
n249,249,25,2103.47,894.66,1.42746853186471,25,True,25|14|23,0.999851|0.000078|0.000030,True
n249,249,25,2103.47,894.66,1.37571145379531,25,True,25|14|23,0.999487|0.000440|0.000028,True
n249,249,25,2103.47,894.66,2.29907937600027,25,True,25|14|23,0.997740|0.001943|0.000108,True
n249,249,25,2103.47,894.66,1.47770025614587,25,True,25|14|23,0.999860|0.000084|0.000028,True
n249,249,25,2103.47,894.66,1.5410255678395,25,True,25|14|23,0.999235|0.000699|0.000022,True
n249,249,25,2103.47,894.66,2.03232656640934,25,True,25|14|23,0.999668|0.000170|0.000057,True
n249,249,25,2103.47,894.66,1.06084077551792,25,True,25|14|23,0.999607|0.000202|0.000105,True
n249,249,25,2103.47,894.66,1.45697998954357,25,True,25|14|3,0.999467|0.000243|0.000103,True
n249,249,25,2103.47,894.66,2.12804905731222,25,True,25|14|23,0.998817|0.000873|0.000169,True
n254,254,23,1848.77,391.16,1.22556180070885,23,True,23|8|17,0.842249|0.155708|0.000766,True
n254,254,23,1848.77,391.16,1.24110129329486,23,True,23|8|3,0.817073|0.181772|0.000342,True
n254,254,23,1848.77,391.16,1.55848135148457,23,True,23|8|3,0.827858|0.169984|0.000652,True
n254,254,23,1848.77,391.16,1.52058701582018,23,True,23|8|3,0.762154|0.234625|0.002046,True
n254,254,23,1848.77,391.16,1.92713503556608,23,True,23|8|3,0.979381|0.019222|0.000444,True
n254,254,23,1848.77,391.16,2.05083700456452,23,True,23|8|3,0.943602|0.054865|0.000466,True
n254,254,23,1848.77,391.16,1.68856364797737,23,True,23|8|3,0.621925|0.374843|0.000809,True
n254,254,23,1848.77,391.16,0.560823765395419,23,True,23|8|17,0.777616|0.192935|0.018974,True
n254,254,23,1848.77,391.16,0.92614166940806,8,False,8|23|3,0.596156|0.401621|0.000398,True
n254,254,23,1848.77,391.16,1.09122498298577,23,True,23|8|3,0.911539|0.085900|0.001135,True
n254,254,23,1848.77,391.16,0.507022887524994,23,True,23|8|3,0.815034|0.136551|0.041063,True
n254,254,23,1848.77,391.16,0.849558304930315,23,True,23|8|3,0.861308|0.127272|0.008099,True
n254,254,23,1848.77,391.16,0.751482394655365,23,True,23|8|17,0.817491|0.180936|0.000378,True
n254,254,23,1848.77,391.16,1.43699319440031,23,True,23|8|3,0.805979|0.193110|0.000288,True
n254,254,23,1848.77,391.16,1.58856766884761,23,True,23|8|3,0.600984|0.397759|0.000199,True
n254,254,23,1848.77,391.16,1.4934958194104,23,True,23|8|3,0.590557|0.406603|0.001064,True
n254,254,23,1848.77,391.16,0.428294859910612,23,True,23|8|3,0.953081|0.043544|0.001051,True
n254,254,23,1848.77,391.16,0.489003644902278,23,True,23|8|5,0.699611|0.285528|0.003548,True
n254,254,23,1848.77,391.16,0.47699131974242,23,True,23|8|17,0.921729|0.049195|0.022363,True
n254,254,23,1848.77,391.16,1.36039227003474,23,True,23|8|3,0.632204|0.366704|0.000275,True
n261,261,23,1925.52,395.4,0.982694431464161,19,False,19|29|23,0.501779|0.334817|0.126484,True
n261,261,23,1925.52,395.4,1.90985891522,19,False,19|23|4,0.953544|0.034973|0.009631,True
n261,261,23,1925.52,395.4,0.445831590270025,29,False,29|10|1,0.597196|0.155581|0.107347,False
n261,261,23,1925.52,395.4,0.542725247165717,14,False,14|19|4,0.433877|0.343693|0.094542,False
n261,261,23,1925.52,395.4,0.488695642430943,4,False,4|19|23,0.610529|0.306788|0.036482,True
n261,261,23,1925.52,395.4,1.89158569389258,19,False,19|23|4,0.978498|0.014423|0.005232,True
n261,261,23,1925.52,395.4,1.20669166609909,19,False,19|4|29,0.462408|0.456673|0.047597,False
n261,261,23,1925.52,395.4,2.02337313065624,19,False,19|23|29,0.993647|0.003757|0.002088,True
n261,261,23,1925.52,395.4,1.55483478791468,19,False,19|4|23,0.877922|0.077034|0.043416,True
n261,261,23,1925.52,395.4,2.10410991174668,19,False,19|23|4,0.981171|0.016782|0.001271,True
n261,261,23,1925.52,395.4,0.523312549014897,4,False,4|29|23,0.918573|0.061608|0.009096,True
n261,261,23,1925.52,395.4,1.85410976581611,19,False,19|23|4,0.968955|0.025467|0.004559,True
n261,261,23,1925.52,395.4,1.04827913838824,19,False,19|4|29,0.506954|0.304356|0.112447,False
n261,261,23,1925.52,395.4,1.20846385467947,19,False,19|23|4,0.970853|0.019275|0.007655,True
n261,261,23,1925.52,395.4,0.542404963803299,19,False,19|4|29,0.624100|0.280453|0.084164,False
n261,261,23,1925.52,395.4,0.84273416083172,19,False,19|29|23,0.935206|0.038684|0.020183,True
n261,261,23,1925.52,395.4,0.466585791391356,4,False,4|19|29,0.406057|0.335428|0.183030,False
n261,261,23,1925.52,395.4,2.0361747171884,19,False,19|23|29,0.971521|0.018316|0.008778,True
n261,261,23,1925.52,395.4,0.476203509202338,10,False,10|19|23,0.445275|0.204113|0.150190,True
n261,261,23,1925.52,395.4,1.44044560035811,19,False,19|23|4,0.952434|0.024193|0.014976,True
n263,263,25,2168.95,737.97,1.3212376119712,4,False,4|14|25,0.818305|0.103332|0.068253,True
n263,263,25,2168.95,737.97,2.18375536476531,4,False,4|14|23,0.690733|0.255033|0.023609,False
n263,263,25,2168.95,737.97,0.509815282001659,25,True,25|4|23,0.513865|0.251610|0.192238,True
n263,263,25,2168.95,737.97,0.507323928803106,4,False,4|25|19,0.676630|0.233209|0.072603,True
n263,263,25,2168.95,737.97,1.3196265696748,14,False,14|4|25,0.560282|0.296183|0.101385,True
n263,263,25,2168.95,737.97,1.55461016374559,4,False,4|14|25,0.534559|0.383565|0.038037,True
n263,263,25,2168.95,737.97,1.94855015524922,4,False,4|14|25,0.530524|0.275548|0.143136,True
n263,263,25,2168.95,737.97,2.10065613684921,4,False,4|14|23,0.503065|0.460537|0.021788,False
n263,263,25,2168.95,737.97,1.41544334217892,4,False,4|25|23,0.842658|0.072507|0.052915,True
n263,263,25,2168.95,737.97,0.50912622184588,19,False,19|14|4,0.652988|0.138650|0.096515,False
n263,263,25,2168.95,737.97,1.56127529963764,4,False,4|14|25,0.814510|0.114157|0.064270,True
n263,263,25,2168.95,737.97,0.462935064533435,21,False,21|4|25,0.783875|0.201744|0.009266,True
n263,263,25,2168.95,737.97,0.47064027864878,4,False,4|10|19,0.926823|0.026219|0.015651,False
n263,263,25,2168.95,737.97,2.096495553126,4,False,4|14|19,0.695105|0.237062|0.028906,False
n263,263,25,2168.95,737.97,0.91415855362279,4,False,4|25|14,0.583821|0.251017|0.119771,True
n263,263,25,2168.95,737.97,0.847649939067453,4,False,4|25|19,0.858265|0.129720|0.003570,True
n263,263,25,2168.95,737.97,0.731127254856035,25,True,25|4|14,0.397445|0.296556|0.213579,True
n263,263,25,2168.95,737.97,2.07838913602406,4,False,4|25|23,0.879338|0.092670|0.019213,True
n263,263,25,2168.95,737.97,1.24121434121426,14,False,14|4|23,0.490402|0.402558|0.056796,False
n263,263,25,2168.95,737.97,1.00596943028871,4,False,4|25|23,0.829104|0.065103|0.050517,True
n266,266,19,2101.07,568.83,0.817655705112762,4,False,4|25|14,0.592812|0.157461|0.143088,False
n266,266,19,2101.07,568.83,0.532823853334357,19,True,19|14|23,0.758822|0.218541|0.011123,True
n266,266,19,2101.07,568.83,1.44026071502123,14,False,14|19|4,0.643377|0.344448|0.008639,True
n266,266,19,2101.07,568.83,2.21157791943688,14,False,14|19|4,0.447354|0.411351|0.136787,True
n266,266,19,2101.07,568.83,0.611451296585426,19,True,19|4|23,0.787411|0.158197|0.050093,True
n266,266,19,2101.07,568.83,1.75947759611253,14,False,14|19|23,0.674247|0.282205|0.029595,True
n266,266,19,2101.07,568.83,1.46860080980284,19,True,19|14|4,0.961312|0.026073|0.007110,True
n266,266,19,2101.07,568.83,0.551207209204452,19,True,19|14|23,0.992365|0.003903|0.002327,True
n266,266,19,2101.07,568.83,0.625360941016888,19,True,19|14|4,0.513050|0.361638|0.103063,True
n266,266,19,2101.07,568.83,1.77729947662468,19,True,19|14|23,0.828810|0.156896|0.011529,True
n266,266,19,2101.07,568.83,1.3207251718469,19,True,19|14|4,0.807768|0.101826|0.077184,True
n266,266,19,2101.07,568.83,1.18618593632028,19,True,19|14|4,0.903932|0.085859|0.007090,True
n266,266,19,2101.07,568.83,0.491026121145553,19,True,19|14|4,0.744628|0.154787|0.080033,True
n266,266,19,2101.07,568.83,1.51192331542989,14,False,14|19|4,0.535343|0.430975|0.027317,True
n266,266,19,2101.07,568.83,1.78617800156055,14,False,14|19|4,0.729181|0.178005|0.060996,True
n266,266,19,2101.07,568.83,1.47129297577504,19,True,19|14|23,0.862501|0.115478|0.011179,True
n266,266,19,2101.07,568.83,0.850272647549453,19,True,19|14|4,0.926135|0.059217|0.008415,True
n266,266,19,2101.07,568.83,0.534853646546539,19,True,19|4|23,0.929788|0.043652|0.016747,True
n266,266,19,2101.07,568.83,0.750967961050565,19,True,19|4|14,0.946231|0.045596|0.003897,True
n266,266,19,2101.07,568.83,1.39308681151365,19,True,19|14|23,0.991907|0.005599|0.001326,True
n267,267,4,2167.05,677.06,0.965246961325403,4,True,4|14|19,0.716584|0.149270|0.104063,True
n267,267,4,2167.05,677.06,0.470834752890859,4,True,4|29|14,0.940650|0.027677|0.009899,True
n267,267,4,2167.05,677.06,2.08226672165907,14,False,14|4|19,0.888687|0.042880|0.035378,True
n267,267,4,2167.05,677.06,1.07592016267587,4,True,4|19|14,0.483479|0.413706|0.088029,True
n267,267,4,2167.05,677.06,0.49880294891666,4,True,4|19|23,0.810687|0.133003|0.040165,True
n267,267,4,2167.05,677.06,0.883645720311652,14,False,14|4|19,0.886145|0.069242|0.035112,True
n267,267,4,2167.05,677.06,1.78292375726889,4,True,4|19|14,0.523913|0.362075|0.099835,True
n267,267,4,2167.05,677.06,1.01260704947348,19,False,19|4|14,0.633485|0.234738|0.104759,True
n267,267,4,2167.05,677.06,0.911094596040248,4,True,4|19|14,0.484742|0.332242|0.143109,True
n267,267,4,2167.05,677.06,2.53527057806196,14,False,14|4|23,0.881401|0.063598|0.036427,True
n267,267,4,2167.05,677.06,2.07691591379774,14,False,14|4|19,0.529996|0.217825|0.163405,True
n267,267,4,2167.05,677.06,1.26725706609033,4,True,4|19|23,0.935017|0.041828|0.017917,True
n267,267,4,2167.05,677.06,0.482905994816964,19,False,19|23|14,0.934323|0.034684|0.017416,False
n267,267,4,2167.05,677.06,0.897961669917562,14,False,14|4|19,0.600952|0.245577|0.124429,True
n267,267,4,2167.05,677.06,1.53394982084134,14,False,14|4|23,0.951903|0.025083|0.020159,True
n267,267,4,2167.05,677.06,1.37786429062268,4,True,4|14|19,0.976619|0.008122|0.006726,True
n267,267,4,2167.05,677.06,1.39355286624094,4,True,4|19|14,0.935590|0.028986|0.027704,True
n267,267,4,2167.05,677.06,0.652822127959922,4,True,4|19|14,0.888472|0.073198|0.028822,True
n267,267,4,2167.05,677.06,1.20195686446168,4,True,4|23|19,0.381451|0.346205|0.219845,True
n267,267,4,2167.05,677.06,1.40986359901096,4,True,4|14|19,0.571957|0.340278|0.054170,True
n269,269,4,2200.09,674.83,2.09623001059054,14,False,14|4|19,0.766136|0.139856|0.082103,True
n269,269,4,2200.09,674.83,1.58789925190079,4,True,4|14|19,0.887704|0.082532|0.017657,True
n269,269,4,2200.09,674.83,1.50318209279123,4,True,4|19|14,0.530052|0.450419|0.008987,True
n269,269,4,2200.09,674.83,0.853043959144606,4,True,4|19|23,0.925707|0.049544|0.020294,True
n269,269,4,2200.09,674.83,0.875383497820224,4,True,4|19|14,0.894186|0.042028|0.038954,True
n269,269,4,2200.09,674.83,0.941922286869764,14,False,14|4|19,0.472838|0.275567|0.140982,True
n269,269,4,2200.09,674.83,1.02729988638904,23,False,23|19|4,0.534354|0.370516|0.074299,True
n269,269,4,2200.09,674.83,1.35515685163776,4,True,4|19|14,0.758019|0.227405|0.012028,True
n269,269,4,2200.09,674.83,1.72824853906771,4,True,4|19|14,0.625842|0.247977|0.114411,True
n269,269,4,2200.09,674.83,2.02037594134648,19,False,19|4|14,0.799372|0.112539|0.084097,True
n269,269,4,2200.09,674.83,0.440510994068919,4,True,4|19|23,0.849001|0.086631|0.028392,True
n269,269,4,2200.09,674.83,0.514963446129667,19,False,19|23|4,0.941319|0.021437|0.018089,True
n269,269,4,2200.09,674.83,0.588830339169208,4,True,4|14|29,0.484271|0.284060|0.090345,True
n269,269,4,2200.09,674.83,1.21595555294934,19,False,19|4|14,0.447997|0.386292|0.157608,True
n269,269,4,2200.09,674.83,1.3809739991464,4,True,4|19|14,0.777028|0.166848|0.050081,True
n269,269,4,2200.09,674.83,1.13190630176984,4,True,4|19|23,0.943356|0.042302|0.007412,True
n269,269,4,2200.09,674.83,1.30922638089501,4,True,4|19|14,0.740316|0.238155|0.012348,True
n269,269,4,2200.09,674.83,2.0144461550889,4,True,4|19|23,0.619426|0.279376|0.052245,True
n269,269,4,2200.09,674.83,0.77565598411304,4,True,4|19|23,0.767560|0.177054|0.028101,True
n269,269,4,2200.09,674.83,0.834285504929047,4,True,4|19|14,0.619208|0.228118|0.142273,True
n271,271,21,2393.77,985.03,1.02767443514603,21,True,21|26|25,0.994065|0.003048|0.002088,True
n271,271,21,2393.77,985.03,1.21710584473037,21,True,21|26|25,0.999520|0.000205|0.000163,True
n271,271,21,2393.77,985.03,1.27518184557939,21,True,21|25|26,0.998909|0.000585|0.000226,True
n271,271,21,2393.77,985.03,1.08991900002717,21,True,21|25|14,0.999206|0.000485|0.000101,True
n271,271,21,2393.77,985.03,0.544547160857082,21,True,21|26|23,0.966225|0.031802|0.000750,True
n271,271,21,2393.77,985.03,1.34539009581176,21,True,21|25|23,0.997276|0.002357|0.000171,True
n271,271,21,2393.77,985.03,1.29009674303262,21,True,21|25|26,0.999329|0.000251|0.000247,True
n271,271,21,2393.77,985.03,1.43030109395576,21,True,21|25|14,0.996391|0.002625|0.000651,True
n271,271,21,2393.77,985.03,1.2339945377298,21,True,21|26|25,0.999623|0.000110|0.000098,True
n271,271,21,2393.77,985.03,0.524821341814757,26,False,26|21|23,0.716016|0.280492|0.001255,True
n271,271,21,2393.77,985.03,0.523075859990658,26,False,26|21|14,0.910839|0.081601|0.003885,True
n271,271,21,2393.77,985.03,1.23953928548976,21,True,21|25|23,0.999291|0.000400|0.000128,True
n271,271,21,2393.77,985.03,1.88341768998497,21,True,21|25|23,0.999592|0.000282|0.000041,True
n271,271,21,2393.77,985.03,1.06713429262617,21,True,21|25|23,0.999501|0.000287|0.000075,True
n271,271,21,2393.77,985.03,1.26999268966936,21,True,21|25|23,0.998856|0.000706|0.000189,True
n271,271,21,2393.77,985.03,0.730118179222191,21,True,21|26|23,0.997172|0.001745|0.000436,True
n271,271,21,2393.77,985.03,0.499536520607224,21,True,21|26|23,0.993237|0.005803|0.000284,True
n271,271,21,2393.77,985.03,0.732916415911398,21,True,21|26|4,0.961662|0.024634|0.006200,True
n271,271,21,2393.77,985.03,0.514060994064278,21,True,21|26|25,0.895983|0.087061|0.011623,True
n271,271,21,2393.77,985.03,1.24850338443948,21,True,21|25|23,0.999367|0.000363|0.000131,True
n272,272,19,2076.24,402.96,1.34624312395799,19,True,19|29|23,0.876383|0.067994|0.052189,True
n272,272,19,2076.24,402.96,1.70337609261313,19,True,19|23|4,0.934543|0.043220|0.016160,True
n272,272,19,2076.24,402.96,1.27596586604469,19,True,19|29|23,0.590063|0.318203|0.076224,True
n272,272,19,2076.24,402.96,0.865494059874926,19,True,19|23|29,0.484595|0.240171|0.189884,True
n272,272,19,2076.24,402.96,0.441924779733578,19,True,19|23|4,0.414567|0.233339|0.203455,True
n272,272,19,2076.24,402.96,1.32399170195835,19,True,19|23|29,0.893212|0.081511|0.012652,True
n272,272,19,2076.24,402.96,1.45412935271359,19,True,19|4|23,0.978699|0.011935|0.007077,True
n272,272,19,2076.24,402.96,0.501483780055579,19,True,19|4|23,0.937780|0.033660|0.013430,True
n272,272,19,2076.24,402.96,1.02285856300582,19,True,19|29|4,0.968008|0.025302|0.003014,True
n272,272,19,2076.24,402.96,0.815961439253904,19,True,19|4|29,0.900003|0.063041|0.031041,True
n272,272,19,2076.24,402.96,1.26609328711593,4,False,4|19|23,0.367988|0.356728|0.157037,True
n272,272,19,2076.24,402.96,0.705733885516765,29,False,29|19|10,0.972205|0.007853|0.007289,True
n272,272,19,2076.24,402.96,1.34048950686305,19,True,19|23|4,0.825596|0.151273|0.017334,True
n272,272,19,2076.24,402.96,1.25716236080324,19,True,19|4|23,0.908104|0.075331|0.010266,True
n272,272,19,2076.24,402.96,1.15913096672846,19,True,19|29|23,0.686564|0.224050|0.048018,True
n272,272,19,2076.24,402.96,1.14256082490971,19,True,19|4|23,0.894301|0.077697|0.018275,True
n272,272,19,2076.24,402.96,1.34573508869599,19,True,19|4|29,0.940838|0.031156|0.016847,True
n272,272,19,2076.24,402.96,0.438752714863068,19,True,19|23|29,0.353294|0.240392|0.178886,True
n272,272,19,2076.24,402.96,0.844115207504642,29,False,29|19|4,0.664302|0.310107|0.014680,True
n272,272,19,2076.24,402.96,0.74560503334268,19,True,19|29|4,0.735348|0.212026|0.031499,True
n278,278,19,2196.79,519.11,0.429222040735931,19,True,19|14|23,0.866045|0.112818|0.014260,True
n278,278,19,2196.79,519.11,0.741978489745778,19,True,19|14|23,0.975503|0.021859|0.001158,True
n278,278,19,2196.79,519.11,0.772601655855754,19,True,19|4|14,0.828392|0.136835|0.024460,True
n278,278,19,2196.79,519.11,1.85109149293814,19,True,19|4|14,0.990127|0.005434|0.003607,True
n278,278,19,2196.79,519.11,0.521021451969237,19,True,19|23|14,0.951719|0.023072|0.012180,True
n278,278,19,2196.79,519.11,1.60373054168024,19,True,19|23|4,0.990928|0.005130|0.002407,True
n278,278,19,2196.79,519.11,1.04291493846769,19,True,19|14|4,0.984786|0.008283|0.004852,True
n278,278,19,2196.79,519.11,2.07193814403321,19,True,19|4|23,0.992162|0.004541|0.002451,True
n278,278,19,2196.79,519.11,0.445695720314975,19,True,19|23|4,0.979621|0.006596|0.006492,True
n278,278,19,2196.79,519.11,1.92701107713864,19,True,19|14|4,0.992529|0.003980|0.002638,True
n278,278,19,2196.79,519.11,0.502231700654451,19,True,19|4|14,0.957467|0.033996|0.004328,True
n278,278,19,2196.79,519.11,1.00553686186011,19,True,19|14|4,0.897076|0.094411|0.004256,True
n278,278,19,2196.79,519.11,1.44612271729458,19,True,19|23|4,0.996204|0.001418|0.001378,True
n278,278,19,2196.79,519.11,1.78770608410672,19,True,19|14|23,0.980228|0.007772|0.006444,True
n278,278,19,2196.79,519.11,1.34171401333242,19,True,19|4|14,0.917779|0.074700|0.002849,True
n278,278,19,2196.79,519.11,1.37577459766217,19,True,19|14|4,0.937276|0.027379|0.026306,True
n278,278,19,2196.79,519.11,1.90884264110614,19,True,19|4|23,0.947291|0.036685|0.008995,True
n278,278,19,2196.79,519.11,1.95411034795825,19,True,19|14|23,0.990470|0.004782|0.002518,True
n278,278,19,2196.79,519.11,0.570175831484943,19,True,19|14|4,0.818678|0.124745|0.050329,True
n278,278,19,2196.79,519.11,0.457424690701035,19,True,19|4|23,0.875169|0.054347|0.025943,True
n282,282,21,2429.12,832.94,1.38842603027045,21,True,21|1|4,0.998842|0.000796|0.000275,True
n282,282,21,2429.12,832.94,1.77819201153146,21,True,21|1|4,0.983277|0.014049|0.002239,True
n282,282,21,2429.12,832.94,1.27676464881721,21,True,21|1|4,0.654720|0.342353|0.000803,True
n282,282,21,2429.12,832.94,1.15083218471365,21,True,21|1|4,0.975220|0.020078|0.003592,True
n282,282,21,2429.12,832.94,0.942096607236314,21,True,21|1|4,0.983510|0.012188|0.002325,True
n282,282,21,2429.12,832.94,2.03125374946171,21,True,21|1|4,0.985120|0.014448|0.000183,True
n282,282,21,2429.12,832.94,0.497840036464761,1,False,1|21|4,0.657484|0.312790|0.021900,True
n282,282,21,2429.12,832.94,0.764896201918443,21,True,21|1|4,0.762727|0.226016|0.008835,True
n282,282,21,2429.12,832.94,0.448924303244003,21,True,21|26|4,0.885863|0.047388|0.030955,True
n282,282,21,2429.12,832.94,1.12347614270201,21,True,21|1|4,0.960740|0.038691|0.000230,True
n282,282,21,2429.12,832.94,1.83727536246699,21,True,21|1|4,0.997689|0.001966|0.000213,True
n282,282,21,2429.12,832.94,1.03732635306994,1,False,1|21|4,0.510497|0.483417|0.003791,True
n282,282,21,2429.12,832.94,0.635859702374796,1,False,1|21|26,0.841606|0.129026|0.023856,True
n282,282,21,2429.12,832.94,1.05348643558357,21,True,21|1|4,0.525417|0.470460|0.001829,True
n282,282,21,2429.12,832.94,1.09863110372896,21,True,21|1|4,0.987643|0.011020|0.000763,True
n282,282,21,2429.12,832.94,2.07965309195049,21,True,21|1|4,0.992592|0.006899|0.000252,True
n282,282,21,2429.12,832.94,1.46196510930316,21,True,21|1|4,0.982157|0.017502|0.000160,True
n282,282,21,2429.12,832.94,0.760104427451672,1,False,1|21|4,0.773790|0.210945|0.009287,True
n282,282,21,2429.12,832.94,0.722406399556519,21,True,21|1|4,0.923169|0.074254|0.000746,True
n282,282,21,2429.12,832.94,2.28432904280026,21,True,21|1|4,0.977640|0.021231|0.000576,True
n284,284,4,2347.17,665.86,1.0366962572938,19,False,19|4|23,0.741944|0.253772|0.002849,True
n284,284,4,2347.17,665.86,0.485818515098155,4,True,4|29|19,0.673650|0.228337|0.038319,True
n284,284,4,2347.17,665.86,2.0062564282695,19,False,19|4|23,0.681677|0.309962|0.006622,True
n284,284,4,2347.17,665.86,1.41577600194409,4,True,4|19|14,0.971465|0.018714|0.006871,True
n284,284,4,2347.17,665.86,1.0321502817681,19,False,19|4|23,0.937946|0.046411|0.010711,True
n284,284,4,2347.17,665.86,1.47648897011359,19,False,19|4|23,0.522563|0.242659|0.219073,True
n284,284,4,2347.17,665.86,1.0371706774664,4,True,4|19|23,0.622652|0.340764|0.020659,True
n284,284,4,2347.17,665.86,1.2689082935604,23,False,23|19|4,0.532556|0.360568|0.061941,True
n284,284,4,2347.17,665.86,1.02809895197059,4,True,4|19|23,0.903910|0.088697|0.004537,True
n284,284,4,2347.17,665.86,0.746575094717428,4,True,4|19|14,0.584455|0.364293|0.024950,True
n284,284,4,2347.17,665.86,0.805116498715733,4,True,4|14|29,0.598640|0.342489|0.021917,True
n284,284,4,2347.17,665.86,0.661107559284312,4,True,4|19|29,0.643267|0.332585|0.015706,True
n284,284,4,2347.17,665.86,0.837349024946315,4,True,4|19|14,0.677552|0.313794|0.005129,True
n284,284,4,2347.17,665.86,0.761499807436839,4,True,4|19|23,0.862215|0.122333|0.005518,True
n284,284,4,2347.17,665.86,0.514578172699979,4,True,4|23|19,0.946390|0.017610|0.016138,True
n284,284,4,2347.17,665.86,1.04340140365264,4,True,4|19|23,0.642863|0.216368|0.122980,True
n284,284,4,2347.17,665.86,1.97076781413225,4,True,4|19|14,0.695105|0.298461|0.003853,True
n284,284,4,2347.17,665.86,0.749341982231794,4,True,4|19|29,0.980852|0.015030|0.002506,True
n284,284,4,2347.17,665.86,0.958400783730358,19,False,19|4|23,0.454637|0.442550|0.098626,True
n284,284,4,2347.17,665.86,0.782584709221942,4,True,4|19|29,0.730587|0.243664|0.013903,True
n286,286,21,2425.74,786.58,0.788079311150645,21,True,21|1|4,0.527015|0.452919|0.017657,True
n286,286,21,2425.74,786.58,0.80849686649724,4,False,4|21|1,0.399934|0.373574|0.213960,True
n286,286,21,2425.74,786.58,1.08238725528545,21,True,21|1|4,0.497713|0.421595|0.078171,True
n286,286,21,2425.74,786.58,0.780348534723881,21,True,21|1|4,0.703868|0.182967|0.109185,True
n286,286,21,2425.74,786.58,1.58702501228157,21,True,21|1|4,0.923708|0.073089|0.002637,True
n286,286,21,2425.74,786.58,0.732176427894059,21,True,21|1|4,0.957196|0.029600|0.010781,True
n286,286,21,2425.74,786.58,2.08298972613315,21,True,21|1|4,0.978463|0.019193|0.001867,True
n286,286,21,2425.74,786.58,0.704080872557065,1,False,1|21|4,0.550808|0.425254|0.009117,True
n286,286,21,2425.74,786.58,0.464695679587647,1,False,1|21|4,0.945464|0.022459|0.015906,True
n286,286,21,2425.74,786.58,1.36784645532733,1,False,1|21|4,0.822714|0.162465|0.012225,True
n286,286,21,2425.74,786.58,1.25439193967329,21,True,21|1|4,0.979473|0.012666|0.007542,True
n286,286,21,2425.74,786.58,2.09223211967483,21,True,21|1|4,0.928039|0.059835|0.011525,True
n286,286,21,2425.74,786.58,0.925053018886563,21,True,21|1|4,0.922600|0.072179|0.003631,True
n286,286,21,2425.74,786.58,1.1301221951976,21,True,21|1|4,0.743298|0.250171|0.004564,True
n286,286,21,2425.74,786.58,1.15678141212632,21,True,21|1|4,0.928649|0.055539|0.015254,True
n286,286,21,2425.74,786.58,1.01792321460417,1,False,1|21|4,0.562785|0.244267|0.187512,True
n286,286,21,2425.74,786.58,0.759018476887484,1,False,1|4|21,0.834986|0.091533|0.065499,True
n286,286,21,2425.74,786.58,0.698578724496592,1,False,1|21|4,0.786706|0.193705|0.010931,True
n286,286,21,2425.74,786.58,0.502414309516853,1,False,1|4|21,0.501757|0.251240|0.204786,True
n286,286,21,2425.74,786.58,1.03730324454573,21,True,21|1|4,0.944099|0.051789|0.003469,True
n287,287,21,2538.56,967.69,0.527424798973578,26,False,26|21|1,0.567518|0.414513|0.010475,True
n287,287,21,2538.56,967.69,0.540201792715426,26,False,26|21|1,0.715526|0.274941|0.006554,True
n287,287,21,2538.56,967.69,1.82765554747153,21,True,21|26|1,0.985340|0.013858|0.000327,True
n287,287,21,2538.56,967.69,0.979194678894835,21,True,21|26|1,0.645430|0.345636|0.007418,True
n287,287,21,2538.56,967.69,1.19486904008723,21,True,21|26|1,0.874451|0.116872|0.006437,True
n287,287,21,2538.56,967.69,0.515193756147501,21,True,21|26|1,0.663950|0.297425|0.017142,True
n287,287,21,2538.56,967.69,0.515407305754162,26,False,26|21|1,0.637844|0.356580|0.003262,True
n287,287,21,2538.56,967.69,0.589295773302865,21,True,21|26|1,0.857958|0.099585|0.037163,True
n287,287,21,2538.56,967.69,0.452954077636774,21,True,21|26|1,0.900244|0.096867|0.001821,True
n287,287,21,2538.56,967.69,0.51733995238329,21,True,21|26|1,0.885911|0.109258|0.002590,True
n287,287,21,2538.56,967.69,0.562386746091664,21,True,21|26|1,0.989841|0.008515|0.000856,True
n287,287,21,2538.56,967.69,0.932170376320791,21,True,21|26|1,0.894889|0.100755|0.003183,True
n287,287,21,2538.56,967.69,0.856189547611667,21,True,21|26|1,0.830113|0.137323|0.023283,True
n287,287,21,2538.56,967.69,0.721519269049618,21,True,21|26|23,0.969859|0.028419|0.000681,True
n287,287,21,2538.56,967.69,1.09831781362775,21,True,21|26|1,0.544248|0.451319|0.002877,True
n287,287,21,2538.56,967.69,1.21858260485895,26,False,26|21|1,0.546700|0.437285|0.013495,True
n287,287,21,2538.56,967.69,1.62155596217332,21,True,21|26|1,0.979970|0.018749|0.000806,True
n287,287,21,2538.56,967.69,1.51742554946596,21,True,21|26|1,0.893874|0.104133|0.001092,True
n287,287,21,2538.56,967.69,1.53736377901533,26,False,26|21|1,0.704180|0.270850|0.022649,True
n287,287,21,2538.56,967.69,1.34680414795295,21,True,21|26|1,0.962651|0.035802|0.000969,True
n301,301,29,2411.41,522.16,0.792420832985038,29,True,29|10|19,0.982783|0.012821|0.002481,True
n301,301,29,2411.41,522.16,1.46606063332121,29,True,29|10|19,0.978666|0.009924|0.006591,True
n301,301,29,2411.41,522.16,1.27001006484995,29,True,29|4|1,0.955112|0.038973|0.001924,True
n301,301,29,2411.41,522.16,1.06365314350653,29,True,29|10|4,0.925539|0.055862|0.013046,True
n301,301,29,2411.41,522.16,1.14001314293128,29,True,29|10|1,0.984119|0.012740|0.001083,True
n301,301,29,2411.41,522.16,0.966919504929189,4,False,4|29|1,0.736084|0.251969|0.006195,True
n301,301,29,2411.41,522.16,0.615771919530657,10,False,10|29|4,0.500294|0.382651|0.082663,True
n301,301,29,2411.41,522.16,0.663867901362414,29,True,29|10|4,0.666972|0.176262|0.131173,True
n301,301,29,2411.41,522.16,0.500334597700965,29,True,29|4|19,0.859096|0.071639|0.028304,True
n301,301,29,2411.41,522.16,0.687532730781199,1,False,1|4|19,0.517145|0.337684|0.062091,False
n301,301,29,2411.41,522.16,1.27611699845788,29,True,29|4|10,0.994096|0.002645|0.001622,True
n301,301,29,2411.41,522.16,1.38296199837957,29,True,29|4|10,0.979388|0.009586|0.008003,True
n301,301,29,2411.41,522.16,1.43921636879202,29,True,29|4|19,0.818451|0.160241|0.009589,True
n301,301,29,2411.41,522.16,0.411417681393031,10,False,10|29|4,0.445355|0.376566|0.098396,True
n301,301,29,2411.41,522.16,0.519549701499946,10,False,10|29|4,0.585936|0.311099|0.061037,True
n301,301,29,2411.41,522.16,0.428612690434278,29,True,29|10|1,0.674910|0.168647|0.088499,True
n301,301,29,2411.41,522.16,1.07113362766939,29,True,29|10|19,0.811621|0.164773|0.019652,True
n301,301,29,2411.41,522.16,1.17665461861999,29,True,29|19|4,0.943153|0.028052|0.015607,True
n301,301,29,2411.41,522.16,0.785523977276855,29,True,29|4|1,0.839316|0.085101|0.049561,True
n301,301,29,2411.41,522.16,1.85835421056441,29,True,29|4|19,0.958709|0.032321|0.002793,True
n303,303,26,2737.79,1065.03,1.02030148215063,22,False,22|26|24,0.941480|0.022790|0.011505,True
n303,303,26,2737.79,1065.03,1.51795885214341,26,True,26|22|9,0.865260|0.094400|0.008279,True
n303,303,26,2737.79,1065.03,0.594456908799511,22,False,22|28|26,0.985996|0.006059|0.002981,True
n303,303,26,2737.79,1065.03,0.945947765465698,22,False,22|26|20,0.988521|0.005157|0.002499,True
n303,303,26,2737.79,1065.03,2.14807072002279,22,False,22|26|24,0.926677|0.034160|0.018242,True
n303,303,26,2737.79,1065.03,0.814333102215417,22,False,22|26|24,0.888001|0.108121|0.002088,True
n303,303,26,2737.79,1065.03,0.505306886766304,22,False,22|26|24,0.590353|0.407611|0.000553,True
n303,303,26,2737.79,1065.03,2.19610215738003,22,False,22|26|25,0.527330|0.444022|0.016231,True
n303,303,26,2737.79,1065.03,0.751550711325419,22,False,22|26|24,0.958771|0.037186|0.001761,True
n303,303,26,2737.79,1065.03,1.42972694730776,22,False,22|26|24,0.994394|0.002328|0.000882,True
n303,303,26,2737.79,1065.03,0.467890025452713,22,False,22|26|21,0.956737|0.038833|0.001419,True
n303,303,26,2737.79,1065.03,1.22355914619076,22,False,22|26|24,0.555209|0.436984|0.001935,True
n303,303,26,2737.79,1065.03,1.635717157857,26,True,26|22|9,0.771656|0.160248|0.016656,True
n303,303,26,2737.79,1065.03,2.08232499746068,22,False,22|26|9,0.906278|0.061010|0.014836,True
n303,303,26,2737.79,1065.03,1.54773436417017,22,False,22|26|6,0.898142|0.085557|0.006784,True
n303,303,26,2737.79,1065.03,0.731747878043091,26,True,26|19|23,0.898787|0.026490|0.017711,True
n303,303,26,2737.79,1065.03,1.55922766628294,22,False,22|26|24,0.524624|0.447606|0.012568,True
n303,303,26,2737.79,1065.03,0.503043195939283,22,False,22|26|24,0.936627|0.059631|0.001496,True
n303,303,26,2737.79,1065.03,1.46714960073046,22,False,22|26|24,0.806281|0.186140|0.003784,True
n303,303,26,2737.79,1065.03,0.629331848538417,22,False,22|26|29,0.549205|0.442788|0.002368,True
n308,308,29,2479.41,518.68,0.447197368091044,29,True,29|4|1,0.575437|0.303400|0.058839,True
n308,308,29,2479.41,518.68,1.61828306857124,29,True,29|4|10,0.977879|0.018178|0.002614,True
n308,308,29,2479.41,518.68,0.488449423116944,29,True,29|4|1,0.936597|0.038433|0.008816,True
n308,308,29,2479.41,518.68,0.78633551826529,29,True,29|4|19,0.810506|0.172085|0.005013,True
n308,308,29,2479.41,518.68,1.47025739103034,29,True,29|4|19,0.976475|0.016229|0.002333,True
n308,308,29,2479.41,518.68,1.32214148304817,29,True,29|10|4,0.988692|0.005038|0.003451,True
n308,308,29,2479.41,518.68,1.26059067209459,29,True,29|10|19,0.955250|0.020438|0.010755,True
n308,308,29,2479.41,518.68,1.48745653537156,29,True,29|10|1,0.764590|0.087584|0.087484,True
n308,308,29,2479.41,518.68,0.965241293770486,29,True,29|4|10,0.952193|0.035915|0.007389,True
n308,308,29,2479.41,518.68,0.481227322804607,29,True,29|10|1,0.786644|0.197222|0.007303,True
n308,308,29,2479.41,518.68,1.13689967626051,29,True,29|19|10,0.990516|0.004681|0.002647,True
n308,308,29,2479.41,518.68,1.93570814764979,29,True,29|4|19,0.988230|0.005640|0.001849,True
n308,308,29,2479.41,518.68,0.694494829482658,29,True,29|10|1,0.804822|0.179522|0.008823,True
n308,308,29,2479.41,518.68,0.480082161477686,4,False,4|29|19,0.931836|0.035305|0.018416,True
n308,308,29,2479.41,518.68,0.496055371320177,29,True,29|19|10,0.877718|0.065650|0.024464,True
n308,308,29,2479.41,518.68,1.65186009000829,29,True,29|10|4,0.691333|0.303489|0.002031,True
n308,308,29,2479.41,518.68,0.996570645812353,29,True,29|10|1,0.931185|0.051300|0.012231,True
n308,308,29,2479.41,518.68,2.34855528908779,29,True,29|4|23,0.990150|0.004731|0.001419,True
n308,308,29,2479.41,518.68,0.660855658130587,29,True,29|4|19,0.866341|0.065299|0.037533,True
n308,308,29,2479.41,518.68,1.89601069728837,29,True,29|4|10,0.892439|0.086332|0.010905,True
n317,317,29,2555.67,439.01,1.24765290469818,29,True,29|10|19,0.968063|0.025008|0.003925,True
n317,317,29,2555.67,439.01,0.800025166105346,29,True,29|4|19,0.954678|0.034008|0.007094,True
n317,317,29,2555.67,439.01,1.70702831427447,29,True,29|10|19,0.989747|0.003779|0.003233,True
n317,317,29,2555.67,439.01,1.46713432715348,29,True,29|4|23,0.842777|0.147147|0.004072,True
n317,317,29,2555.67,439.01,0.472991045329968,10,False,10|29|4,0.507196|0.384188|0.056380,True
n317,317,29,2555.67,439.01,1.2909420954303,29,True,29|4|19,0.956295|0.021505|0.012071,True
n317,317,29,2555.67,439.01,1.5207916734238,29,True,29|10|1,0.982924|0.012714|0.001763,True
n317,317,29,2555.67,439.01,0.703008416101239,29,True,29|10|1,0.753507|0.101589|0.072319,True
n317,317,29,2555.67,439.01,1.64770610483857,29,True,29|10|19,0.605609|0.376596|0.013781,True
n317,317,29,2555.67,439.01,0.472726807088566,29,True,29|10|19,0.535341|0.264052|0.115421,True
n317,317,29,2555.67,439.01,1.43799815286713,29,True,29|4|19,0.947693|0.045277|0.004000,True
n317,317,29,2555.67,439.01,1.36486434175417,29,True,29|4|19,0.980155|0.006924|0.003432,True
n317,317,29,2555.67,439.01,0.706354429057815,29,True,29|10|19,0.943687|0.045882|0.004592,True
n317,317,29,2555.67,439.01,1.12270289641118,29,True,29|19|10,0.878588|0.104445|0.006548,True
n317,317,29,2555.67,439.01,1.54168818293613,29,True,29|19|23,0.989246|0.006570|0.001174,True
n317,317,29,2555.67,439.01,1.13705705081419,29,True,29|19|4,0.951558|0.030035|0.008189,True
n317,317,29,2555.67,439.01,1.43483383594252,29,True,29|4|19,0.629712|0.293381|0.053429,True
n317,317,29,2555.67,439.01,2.16725021435904,29,True,29|23|4,0.983839|0.004908|0.003804,True
n317,317,29,2555.67,439.01,1.28982848819275,29,True,29|10|4,0.923714|0.045738|0.011413,True
n317,317,29,2555.67,439.01,1.63165748115608,29,True,29|23|4,0.984501|0.009473|0.002824,True
n326,326,10,2763.89,495.26,1.00694322312298,29,False,29|10|19,0.986836|0.007822|0.002149,True
n326,326,10,2763.89,495.26,1.52437762042294,29,False,29|10|1,0.604299|0.356941|0.033795,True
n326,326,10,2763.89,495.26,2.30263497668218,10,True,10|29|1,0.956534|0.042186|0.000562,True
n326,326,10,2763.89,495.26,1.18629869940999,10,True,10|29|1,0.622591|0.370516|0.003762,True
n326,326,10,2763.89,495.26,0.79253124023148,29,False,29|10|1,0.536591|0.350729|0.088400,True
n326,326,10,2763.89,495.26,1.97782239383785,10,True,10|29|1,0.810402|0.167938|0.014914,True
n326,326,10,2763.89,495.26,0.551578030341911,19,False,19|29|10,0.579970|0.220946|0.151870,True
n326,326,10,2763.89,495.26,1.37339241308598,10,True,10|29|1,0.718984|0.239766|0.029691,True
n326,326,10,2763.89,495.26,0.503170704831878,29,False,29|4|19,0.462795|0.441583|0.032568,False
n326,326,10,2763.89,495.26,1.05915333143711,29,False,29|10|1,0.367648|0.318361|0.306951,True
n326,326,10,2763.89,495.26,1.70098183817415,10,True,10|29|1,0.904564|0.090657|0.002596,True
n326,326,10,2763.89,495.26,1.05920009861905,29,False,29|4|1,0.928797|0.038223|0.012932,False
n326,326,10,2763.89,495.26,0.465239531501448,4,False,4|29|1,0.800566|0.111726|0.047020,False
n326,326,10,2763.89,495.26,1.16240347863062,29,False,29|10|4,0.918535|0.059216|0.013629,True
n326,326,10,2763.89,495.26,1.03919213963353,29,False,29|10|1,0.648071|0.326059|0.015244,True
n326,326,10,2763.89,495.26,1.19407374172575,29,False,29|10|1,0.881054|0.093370|0.017739,True
n326,326,10,2763.89,495.26,0.525361723660448,29,False,29|10|4,0.553951|0.263472|0.157328,True
n326,326,10,2763.89,495.26,1.55068494140067,10,True,10|1|29,0.930647|0.042974|0.022504,True
n326,326,10,2763.89,495.26,1.05242654832729,10,True,10|29|1,0.879180|0.103165|0.012290,True
n326,326,10,2763.89,495.26,1.33275766951503,10,True,10|29|4,0.546929|0.410591|0.039142,True
n331,331,10,2820.89,411.44,1.32758488446238,10,True,10|29|1,0.991596|0.007213|0.000761,True
n331,331,10,2820.89,411.44,1.77031966841845,10,True,10|29|4,0.994317|0.004647|0.000410,True
n331,331,10,2820.89,411.44,1.06306163143297,10,True,10|29|4,0.886440|0.101272|0.007850,True
n331,331,10,2820.89,411.44,1.35857432786016,10,True,10|29|4,0.971216|0.023631|0.003054,True
n331,331,10,2820.89,411.44,0.477657699365929,29,False,29|10|1,0.536348|0.407208|0.033901,True
n331,331,10,2820.89,411.44,1.31243410410622,10,True,10|29|19,0.959130|0.029483|0.007611,True
n331,331,10,2820.89,411.44,1.24485628538337,10,True,10|1|29,0.983811|0.014537|0.000868,True
n331,331,10,2820.89,411.44,2.04107203695048,10,True,10|29|1,0.989838|0.007722|0.001457,True
n331,331,10,2820.89,411.44,1.49544492200933,10,True,10|29|4,0.993047|0.006524|0.000139,True
n331,331,10,2820.89,411.44,0.439073148964205,10,True,10|4|19,0.982514|0.005183|0.004550,True
n331,331,10,2820.89,411.44,0.735399423588527,10,True,10|29|4,0.994595|0.003887|0.000856,True
n331,331,10,2820.89,411.44,1.58811823826313,10,True,10|29|4,0.989604|0.009928|0.000178,True
n331,331,10,2820.89,411.44,1.41284321729024,10,True,10|29|1,0.997625|0.001221|0.000906,True
n331,331,10,2820.89,411.44,0.438652440922633,10,True,10|29|26,0.915931|0.039378|0.033245,True
n331,331,10,2820.89,411.44,1.06750006555005,10,True,10|29|4,0.987849|0.008971|0.002265,True
n331,331,10,2820.89,411.44,0.500401446267547,10,True,10|29|4,0.957055|0.032037|0.007513,True
n331,331,10,2820.89,411.44,1.53013752147616,10,True,10|29|19,0.990815|0.007722|0.000512,True
n331,331,10,2820.89,411.44,1.83364390473275,10,True,10|29|4,0.994278|0.004803|0.000503,True
n331,331,10,2820.89,411.44,1.92541937813132,10,True,10|29|1,0.996871|0.002550|0.000403,True
n331,331,10,2820.89,411.44,0.930730619772616,10,True,10|29|19,0.835659|0.160979|0.001945,True
n333,333,15,569.87,439.74,0.679948788849151,15,True,15|2|28,0.631361|0.256057|0.093958,True
n333,333,15,569.87,439.74,0.541123177849099,15,True,15|2|28,0.933135|0.049024|0.016661,True
n333,333,15,569.87,439.74,1.02814248276616,15,True,15|28|2,0.906862|0.083161|0.008808,True
n333,333,15,569.87,439.74,1.13389003121446,2,False,2|15|28,0.806322|0.190865|0.001847,True
n333,333,15,569.87,439.74,1.00452911520928,15,True,15|28|2,0.919309|0.053825|0.024173,True
n333,333,15,569.87,439.74,1.33675520718893,15,True,15|2|28,0.855427|0.143270|0.000372,True
n333,333,15,569.87,439.74,1.11655071300728,15,True,15|2|28,0.920644|0.069799|0.007849,True
n333,333,15,569.87,439.74,1.16343086775043,15,True,15|2|28,0.931822|0.066900|0.000740,True
n333,333,15,569.87,439.74,0.482662924879153,2,False,2|15|28,0.780453|0.203392|0.003041,True
n333,333,15,569.87,439.74,0.778436638948344,15,True,15|2|28,0.607623|0.370320|0.010440,True
n333,333,15,569.87,439.74,0.711984896138004,15,True,15|2|28,0.904607|0.091653|0.001881,True
n333,333,15,569.87,439.74,1.9843552447653,15,True,15|2|28,0.974185|0.023132|0.002239,True
n333,333,15,569.87,439.74,0.771734018316729,15,True,15|2|28,0.690678|0.299925|0.005875,True
n333,333,15,569.87,439.74,1.4622793023075,15,True,15|28|2,0.989548|0.005572|0.004385,True
n333,333,15,569.87,439.74,0.481081472258326,2,False,2|15|28,0.554295|0.404416|0.028553,True
n333,333,15,569.87,439.74,0.499973156938836,2,False,2|15|28,0.606551|0.375072|0.008059,True
n333,333,15,569.87,439.74,0.768583994252814,2,False,2|15|28,0.505264|0.267984|0.215089,True
n333,333,15,569.87,439.74,0.581948672804831,15,True,15|2|28,0.994529|0.004646|0.000281,True
n333,333,15,569.87,439.74,0.54667322562623,15,True,15|28|2,0.427970|0.325844|0.242306,True
n333,333,15,569.87,439.74,0.459923029433538,2,False,2|15|28,0.954898|0.038880|0.003869,True
n334,334,15,536.59,415.93,1.41517853838724,15,True,15|2|28,0.696479|0.302087|0.001080,True
n334,334,15,536.59,415.93,1.0914792734821,15,True,15|2|20,0.841421|0.147370|0.006068,True
n334,334,15,536.59,415.93,1.88871202567588,15,True,15|28|2,0.980992|0.016887|0.001541,True
n334,334,15,536.59,415.93,1.06617201703085,15,True,15|2|28,0.613753|0.301388|0.080884,True
n334,334,15,536.59,415.93,1.77873616218142,15,True,15|2|28,0.744807|0.251401|0.002586,True
n334,334,15,536.59,415.93,1.59903716582811,15,True,15|28|2,0.896951|0.054880|0.043766,True
n334,334,15,536.59,415.93,1.14507353705071,2,False,2|15|28,0.573810|0.415302|0.005865,True
n334,334,15,536.59,415.93,0.777216326662785,15,True,15|2|28,0.861106|0.091106|0.038343,True
n334,334,15,536.59,415.93,0.520270770120773,2,False,2|15|20,0.523840|0.284465|0.141608,True
n334,334,15,536.59,415.93,1.31754057418905,2,False,2|15|28,0.764501|0.234623|0.000130,True
n334,334,15,536.59,415.93,1.56589767762942,15,True,15|2|28,0.884566|0.110325|0.004469,True
n334,334,15,536.59,415.93,0.620342691072476,15,True,15|2|28,0.743851|0.204404|0.037844,True
n334,334,15,536.59,415.93,1.40570149336341,15,True,15|2|28,0.714512|0.284129|0.000840,True
n334,334,15,536.59,415.93,1.45351413192127,15,True,15|2|28,0.945502|0.051690|0.001472,True
n334,334,15,536.59,415.93,0.497538041479139,15,True,15|2|28,0.973466|0.021105|0.002838,True
n334,334,15,536.59,415.93,0.475007728472133,15,True,15|28|2,0.831039|0.082422|0.049912,True
n334,334,15,536.59,415.93,1.76242629081422,15,True,15|28|2,0.973493|0.021686|0.003793,True
n334,334,15,536.59,415.93,1.46446354537622,15,True,15|28|2,0.988131|0.007214|0.003471,True
n334,334,15,536.59,415.93,1.84820966889568,15,True,15|2|28,0.911133|0.084838|0.003081,True
n334,334,15,536.59,415.93,1.23982812720073,2,False,2|15|28,0.797919|0.200193|0.000751,True
n340,340,5,1314.42,947.21,1.4296331180493,17,False,17|5|7,0.738189|0.232951|0.025922,True
n340,340,5,1314.42,947.21,1.92278093771527,17,False,17|5|7,0.637114|0.342168|0.017306,True
n340,340,5,1314.42,947.21,0.710651075690946,5,True,5|17|7,0.817861|0.129792|0.031638,True
n340,340,5,1314.42,947.21,0.492780639440125,17,False,17|5|7,0.968138|0.024858|0.004171,True
n340,340,5,1314.42,947.21,1.33783029786251,17,False,17|5|7,0.582617|0.396585|0.018980,True
n340,340,5,1314.42,947.21,0.504081196572433,5,True,5|7|17,0.760188|0.195395|0.039995,True
n340,340,5,1314.42,947.21,1.79606999958295,17,False,17|5|7,0.964441|0.020531|0.010653,True
n340,340,5,1314.42,947.21,0.851488633103574,17,False,17|5|7,0.735283|0.136795|0.114317,True
n340,340,5,1314.42,947.21,2.14675799280444,5,True,5|17|7,0.660363|0.331066|0.006877,True
n340,340,5,1314.42,947.21,1.34877040562584,17,False,17|5|7,0.789268|0.192021|0.010759,True
n340,340,5,1314.42,947.21,1.09069506640089,5,True,5|17|7,0.724479|0.186764|0.077261,True
n340,340,5,1314.42,947.21,1.32752751370387,5,True,5|7|17,0.853068|0.115694|0.020460,True
n340,340,5,1314.42,947.21,1.37614309805421,17,False,17|5|7,0.556982|0.414529|0.021821,True
n340,340,5,1314.42,947.21,0.470910240649183,7,False,7|17|5,0.562927|0.304472|0.121517,True
n340,340,5,1314.42,947.21,1.74949235143076,17,False,17|5|7,0.672141|0.274796|0.039823,True
n340,340,5,1314.42,947.21,1.42592300826276,5,True,5|7|17,0.779584|0.106140|0.091588,True
n340,340,5,1314.42,947.21,0.506629400289143,7,False,7|5|17,0.574545|0.289434|0.040712,True
n340,340,5,1314.42,947.21,0.765910467205055,17,False,17|5|7,0.762165|0.147508|0.074116,True
n340,340,5,1314.42,947.21,0.760865733435247,17,False,17|5|7,0.520415|0.382700|0.084352,True
n340,340,5,1314.42,947.21,0.785106562782504,17,False,17|5|7,0.804489|0.169769|0.020630,True
n341,341,17,1391.36,762.78,0.903850516546664,17,True,17|8|5,0.986176|0.012818|0.000403,True
n341,341,17,1391.36,762.78,0.470136382454663,17,True,17|5|8,0.974086|0.011319|0.007895,True
n341,341,17,1391.36,762.78,1.41112361671338,17,True,17|5|11,0.976631|0.010298|0.007067,True
n341,341,17,1391.36,762.78,1.75084968091542,17,True,17|5|8,0.970243|0.015938|0.010154,True
n341,341,17,1391.36,762.78,1.50501435545845,17,True,17|5|8,0.956609|0.032299|0.010051,True
n341,341,17,1391.36,762.78,0.475323021290467,17,True,17|11|8,0.910818|0.037471|0.025583,True
n341,341,17,1391.36,762.78,1.76912138140389,17,True,17|8|5,0.991484|0.006883|0.001254,True
n341,341,17,1391.36,762.78,1.44763101354723,17,True,17|8|5,0.988819|0.010375|0.000377,True
n341,341,17,1391.36,762.78,1.44008629439765,17,True,17|8|5,0.965887|0.026487|0.005690,True
n341,341,17,1391.36,762.78,2.01696457738059,17,True,17|8|5,0.793600|0.133548|0.067208,True
n341,341,17,1391.36,762.78,1.19353014811806,17,True,17|8|5,0.985056|0.008364|0.004847,True
n341,341,17,1391.36,762.78,0.797479368209825,17,True,17|5|8,0.946395|0.024176|0.021880,True
n341,341,17,1391.36,762.78,0.53092092443154,17,True,17|3|11,0.974075|0.009126|0.007017,True
n341,341,17,1391.36,762.78,0.532968591790143,17,True,17|11|8,0.940810|0.028069|0.023954,True
n341,341,17,1391.36,762.78,1.20282086715959,17,True,17|8|5,0.963021|0.034284|0.001000,True
n341,341,17,1391.36,762.78,2.00632929449013,17,True,17|5|8,0.673748|0.261797|0.061226,True
n341,341,17,1391.36,762.78,1.84351160251337,17,True,17|8|5,0.883401|0.106182|0.007899,True
n341,341,17,1391.36,762.78,1.42972721693304,17,True,17|8|5,0.949230|0.025939|0.022649,True
n341,341,17,1391.36,762.78,1.16963859983563,17,True,17|8|5,0.964918|0.029186|0.003869,True
n341,341,17,1391.36,762.78,1.11846064402097,17,True,17|5|8,0.963462|0.030576|0.003664,True
n345,345,6,424.85,1329.87,0.862024301727528,13,False,13|9|6,0.899168|0.047692|0.027821,True
n345,345,6,424.85,1329.87,0.78202343920591,30,False,30|6|13,0.588534|0.402247|0.004028,True
n345,345,6,424.85,1329.87,0.942926294604352,6,True,6|30|24,0.956297|0.037730|0.002271,True
n345,345,6,424.85,1329.87,0.736961567401186,13,False,13|9|24,0.493870|0.455189|0.040244,False
n345,345,6,424.85,1329.87,0.710397958994467,6,True,6|30|24,0.991261|0.003927|0.003003,True
n345,345,6,424.85,1329.87,0.938018577367793,6,True,6|30|24,0.827133|0.137204|0.026839,True
n345,345,6,424.85,1329.87,0.451677422526216,6,True,6|30|13,0.633353|0.341368|0.016755,True
n345,345,6,424.85,1329.87,1.09534212582489,6,True,6|24|30,0.968098|0.013171|0.012139,True
n345,345,6,424.85,1329.87,0.456597945973459,30,False,30|6|13,0.682070|0.286818|0.012240,True
n345,345,6,424.85,1329.87,1.49787244396064,6,True,6|13|9,0.988608|0.005598|0.002559,True
n345,345,6,424.85,1329.87,1.60601889827391,6,True,6|13|9,0.740606|0.248285|0.005172,True
n345,345,6,424.85,1329.87,1.60938604187276,6,True,6|30|13,0.986065|0.006975|0.003247,True
n345,345,6,424.85,1329.87,1.81311374713856,6,True,6|13|30,0.986973|0.005269|0.002890,True
n345,345,6,424.85,1329.87,1.93155724405785,6,True,6|13|24,0.970692|0.010226|0.006502,True
n345,345,6,424.85,1329.87,0.496586089381596,13,False,13|6|9,0.916757|0.028665|0.027802,True
n345,345,6,424.85,1329.87,2.18354068448637,13,False,13|6|30,0.600594|0.390358|0.003409,True
n345,345,6,424.85,1329.87,0.529658668104487,6,True,6|30|24,0.862892|0.116051|0.015080,True
n345,345,6,424.85,1329.87,1.21568304977342,6,True,6|13|9,0.827597|0.164996|0.003808,True
n345,345,6,424.85,1329.87,0.992873067801334,6,True,6|13|24,0.880268|0.110253|0.006041,True
n345,345,6,424.85,1329.87,0.768953946663563,6,True,6|30|24,0.605862|0.383438|0.005133,True
n347,347,30,135.02,1617.66,1.31856108119482,30,True,30|24|6,0.999137|0.000471|0.000099,True
n347,347,30,135.02,1617.66,0.471224955769592,30,True,30|6|24,0.996530|0.001405|0.000843,True
n347,347,30,135.02,1617.66,1.06345341534886,30,True,30|6|13,0.995760|0.002258|0.000822,True
n347,347,30,135.02,1617.66,0.834970229004663,30,True,30|24|6,0.998043|0.000630|0.000464,True
n347,347,30,135.02,1617.66,1.95516497145942,30,True,30|6|13,0.998442|0.000408|0.000390,True
n347,347,30,135.02,1617.66,0.789143987118805,30,True,30|6|13,0.995054|0.003182|0.000616,True
n347,347,30,135.02,1617.66,0.637471360668601,30,True,30|24|13,0.995676|0.001371|0.000755,True
n347,347,30,135.02,1617.66,0.806219641228248,30,True,30|6|24,0.991459|0.006463|0.000831,True
n347,347,30,135.02,1617.66,1.79457861088314,30,True,30|6|13,0.996711|0.001862|0.000689,True
n347,347,30,135.02,1617.66,0.824459529280072,30,True,30|6|13,0.991710|0.003959|0.001443,True
n347,347,30,135.02,1617.66,2.01378337905389,30,True,30|24|6,0.997620|0.001126|0.000523,True
n347,347,30,135.02,1617.66,0.45689288036234,30,True,30|24|6,0.994207|0.001944|0.001400,True
n347,347,30,135.02,1617.66,1.36737872565038,30,True,30|6|24,0.997806|0.000782|0.000497,True
n347,347,30,135.02,1617.66,1.66647379703994,30,True,30|13|24,0.997440|0.000658|0.000617,True
n347,347,30,135.02,1617.66,1.00435231827734,30,True,30|6|9,0.988248|0.007872|0.001747,True
n347,347,30,135.02,1617.66,2.37227812636773,30,True,30|6|24,0.998095|0.000929|0.000413,True
n347,347,30,135.02,1617.66,0.761194658352126,30,True,30|24|6,0.998409|0.000593|0.000297,True
n347,347,30,135.02,1617.66,1.03468145982286,30,True,30|13|24,0.994862|0.001518|0.001262,True
n347,347,30,135.02,1617.66,0.950053015875392,30,True,30|24|13,0.996995|0.000955|0.000682,True
n347,347,30,135.02,1617.66,0.734187182018618,30,True,30|24|13,0.994616|0.001553|0.001351,True
n351,351,30,318.71,1563.11,0.902786534234127,30,True,30|6|24,0.954873|0.028177|0.013460,True
n351,351,30,318.71,1563.11,1.25741219626963,30,True,30|6|24,0.983495|0.013470|0.001460,True
n351,351,30,318.71,1563.11,0.934863885034461,30,True,30|6|24,0.997872|0.000704|0.000500,True
n351,351,30,318.71,1563.11,0.786013102896708,30,True,30|6|24,0.945652|0.050479|0.001444,True
n351,351,30,318.71,1563.11,1.25430910597809,30,True,30|6|13,0.996982|0.001353|0.000590,True
n351,351,30,318.71,1563.11,1.84845402742918,30,True,30|6|24,0.995286|0.001726|0.001440,True
n351,351,30,318.71,1563.11,1.6448258021914,30,True,30|6|13,0.993046|0.005794|0.000474,True
n351,351,30,318.71,1563.11,0.723834078273595,30,True,30|6|24,0.946942|0.049056|0.001688,True
n351,351,30,318.71,1563.11,1.31045162323121,30,True,30|6|24,0.994686|0.003940|0.000549,True
n351,351,30,318.71,1563.11,1.21882235397298,30,True,30|6|24,0.989312|0.008810|0.000983,True
n351,351,30,318.71,1563.11,0.46292137106431,30,True,30|6|24,0.997257|0.000733|0.000626,True
n351,351,30,318.71,1563.11,0.531228006734396,30,True,30|6|24,0.975111|0.017392|0.002744,True
n351,351,30,318.71,1563.11,1.51442758871632,30,True,30|6|24,0.994687|0.003707|0.000773,True
n351,351,30,318.71,1563.11,1.87566755570085,30,True,30|6|24,0.968740|0.026348|0.002539,True
n351,351,30,318.71,1563.11,1.42650769769649,30,True,30|6|24,0.993049|0.004543|0.001204,True
n351,351,30,318.71,1563.11,0.477103759622286,30,True,30|24|6,0.995243|0.001815|0.001003,True
n351,351,30,318.71,1563.11,0.635600696825635,30,True,30|6|24,0.998145|0.000707|0.000521,True
n351,351,30,318.71,1563.11,2.07786651229851,30,True,30|6|13,0.991663|0.007477|0.000240,True
n351,351,30,318.71,1563.11,0.690880826254476,30,True,30|24|6,0.997956|0.000722|0.000426,True
n351,351,30,318.71,1563.11,2.05910527420263,30,True,30|6|24,0.989673|0.006532|0.002459,True
n352,352,30,317.84,1489.99,0.9426662774786,6,False,6|30|24,0.930688|0.063148|0.002854,True
n352,352,30,317.84,1489.99,0.691306446510355,6,False,6|30|24,0.922138|0.067328|0.004477,True
n352,352,30,317.84,1489.99,1.89547863840297,6,False,6|30|24,0.842489|0.136424|0.012742,True
n352,352,30,317.84,1489.99,1.79392660025715,6,False,6|30|24,0.959287|0.034451|0.003587,True
n352,352,30,317.84,1489.99,0.977354458076242,6,False,6|30|24,0.759404|0.211896|0.022970,True
n352,352,30,317.84,1489.99,0.92142282793084,6,False,6|30|24,0.514654|0.434763|0.034534,True
n352,352,30,317.84,1489.99,0.626511190901459,30,True,30|6|24,0.743198|0.249476|0.005009,True
n352,352,30,317.84,1489.99,1.07104556008076,6,False,6|24|30,0.986010|0.006252|0.002900,True
n352,352,30,317.84,1489.99,0.482109520391291,30,True,30|6|13,0.509315|0.484826|0.002279,True
n352,352,30,317.84,1489.99,1.98622118325548,6,False,6|30|24,0.971363|0.024710|0.001291,True
n352,352,30,317.84,1489.99,0.769529631420847,6,False,6|30|24,0.916411|0.046508|0.023276,True
n352,352,30,317.84,1489.99,1.06074191441915,6,False,6|30|24,0.594076|0.398808|0.002757,True
n352,352,30,317.84,1489.99,0.915037655394514,6,False,6|30|24,0.765877|0.225944|0.004997,True
n352,352,30,317.84,1489.99,1.92098432472884,6,False,6|30|13,0.745335|0.247087|0.002762,True
n352,352,30,317.84,1489.99,1.93181885080154,6,False,6|30|24,0.640697|0.323810|0.023016,True
n352,352,30,317.84,1489.99,1.55179585489658,6,False,6|30|24,0.733989|0.256624|0.003205,True
n352,352,30,317.84,1489.99,0.846548365715279,30,True,30|6|24,0.757930|0.239219|0.001268,True
n352,352,30,317.84,1489.99,1.26046813354151,6,False,6|30|24,0.551346|0.418350|0.014191,True
n352,352,30,317.84,1489.99,0.519819527061741,6,False,6|30|24,0.649477|0.338019|0.005943,True
n352,352,30,317.84,1489.99,0.579108320400617,6,False,6|30|24,0.934948|0.052577|0.007023,True
n364,364,13,216.32,1116.79,0.829247956524401,13,True,13|9|24,0.526639|0.465583|0.003252,True
n364,364,13,216.32,1116.79,0.576524394547797,13,True,13|9|24,0.819491|0.105488|0.044299,True
n364,364,13,216.32,1116.79,1.32316026012741,13,True,13|9|6,0.837938|0.160293|0.000453,True
n364,364,13,216.32,1116.79,2.07539693968817,13,True,13|9|6,0.673501|0.324716|0.000336,True
n364,364,13,216.32,1116.79,0.888645156059438,13,True,13|9|24,0.831660|0.155761|0.009674,True
n364,364,13,216.32,1116.79,0.517180807007918,13,True,13|24|9,0.436887|0.347699|0.194728,True
n364,364,13,216.32,1116.79,0.450373886684375,9,False,9|13|24,0.568381|0.404075|0.019729,True
n364,364,13,216.32,1116.79,0.783740626556591,9,False,9|13|24,0.673389|0.301383|0.020097,True
n364,364,13,216.32,1116.79,0.445603255408376,13,True,13|9|24,0.638412|0.301487|0.047470,True
n364,364,13,216.32,1116.79,1.36029866386929,9,False,9|13|24,0.669491|0.326016|0.001178,True
n364,364,13,216.32,1116.79,0.890355986861589,9,False,9|13|24,0.545922|0.425191|0.022872,True
n364,364,13,216.32,1116.79,0.5273037767873,9,False,9|13|24,0.822153|0.145815|0.026402,True
n364,364,13,216.32,1116.79,1.05303209924983,9,False,9|13|24,0.827044|0.163002|0.007514,True
n364,364,13,216.32,1116.79,1.418504151557,9,False,9|13|30,0.799507|0.174139|0.012717,True
n364,364,13,216.32,1116.79,1.31934362074319,9,False,9|13|6,0.564820|0.426962|0.003162,True
n364,364,13,216.32,1116.79,1.40697462197476,9,False,9|13|24,0.847972|0.149305|0.001260,True
n364,364,13,216.32,1116.79,1.04000892935269,9,False,9|13|24,0.905485|0.084160|0.008322,True
n364,364,13,216.32,1116.79,0.553863933172402,13,True,13|9|6,0.846172|0.108218|0.028868,True
n364,364,13,216.32,1116.79,2.13878235410658,9,False,9|13|24,0.776786|0.219314|0.002222,True
n364,364,13,216.32,1116.79,1.29021519933834,9,False,9|13|24,0.820918|0.176056|0.001194,True
n366,366,13,217.01,1052.35,0.509865660013201,9,False,9|13|24,0.733701|0.162613|0.096352,True
n366,366,13,217.01,1052.35,2.17437498123725,9,False,9|13|24,0.622441|0.372238|0.002747,True
n366,366,13,217.01,1052.35,1.21576435732855,9,False,9|13|6,0.950258|0.047120|0.000674,True
n366,366,13,217.01,1052.35,0.771052112243081,9,False,9|13|24,0.701446|0.275368|0.020099,True
n366,366,13,217.01,1052.35,1.00554431082672,9,False,9|13|24,0.779650|0.215516|0.002238,True
n366,366,13,217.01,1052.35,0.681526424814935,9,False,9|13|24,0.569273|0.410969|0.008208,True
n366,366,13,217.01,1052.35,1.47152145350204,13,True,13|9|6,0.664433|0.331602|0.001104,True
n366,366,13,217.01,1052.35,1.027947729513,9,False,9|13|24,0.534837|0.456999|0.003444,True
n366,366,13,217.01,1052.35,0.94403141967999,9,False,9|13|24,0.628006|0.365227|0.004264,True
n366,366,13,217.01,1052.35,1.16196825713316,13,True,13|9|24,0.706130|0.291124|0.001169,True
n366,366,13,217.01,1052.35,0.463116724146797,9,False,9|13|30,0.545456|0.425585|0.017746,True
n366,366,13,217.01,1052.35,2.04083554735369,13,True,13|9|24,0.546636|0.445623|0.004602,True
n366,366,13,217.01,1052.35,0.596032405696391,13,True,13|9|24,0.530021|0.458323|0.006718,True
n366,366,13,217.01,1052.35,1.48769650756681,9,False,9|13|24,0.777757|0.217215|0.001840,True
n366,366,13,217.01,1052.35,2.01752138207513,13,True,13|9|24,0.530388|0.463633|0.002341,True
n366,366,13,217.01,1052.35,1.0599005225369,9,False,9|13|24,0.840704|0.151056|0.003707,True
n366,366,13,217.01,1052.35,2.13695384696455,9,False,9|13|6,0.726293|0.269019|0.002057,True
n366,366,13,217.01,1052.35,1.30514773567979,13,True,13|9|24,0.585362|0.410653|0.000707,True
n366,366,13,217.01,1052.35,0.704414938248374,13,True,13|9|24,0.759677|0.191012|0.045150,True
n366,366,13,217.01,1052.35,1.48767087459145,9,False,9|13|6,0.761873|0.235563|0.000574,True
n375,375,6,504.4,1402.24,0.492185757139318,6,True,6|30|24,0.889264|0.060121|0.021290,True
n375,375,6,504.4,1402.24,0.96581155548552,30,False,30|6|24,0.742559|0.249005|0.005051,True
n375,375,6,504.4,1402.24,0.647022081678927,30,False,30|6|24,0.724235|0.269049|0.004020,True
n375,375,6,504.4,1402.24,1.12091415476972,6,True,6|30|24,0.778367|0.214147|0.004103,True
n375,375,6,504.4,1402.24,1.33153891267735,6,True,6|30|24,0.948837|0.046605|0.001865,True
n375,375,6,504.4,1402.24,0.442607817893563,6,True,6|30|9,0.869432|0.118819|0.004822,True
n375,375,6,504.4,1402.24,0.835876212120983,6,True,6|30|24,0.915031|0.040646|0.032743,True
n375,375,6,504.4,1402.24,1.02943074544048,30,False,30|6|24,0.484823|0.458714|0.049877,True
n375,375,6,504.4,1402.24,0.533249889444525,6,True,6|30|24,0.867670|0.109780|0.010100,True
n375,375,6,504.4,1402.24,2.03687497518718,6,True,6|30|24,0.748329|0.246524|0.002067,True
n375,375,6,504.4,1402.24,1.52663748068157,6,True,6|30|24,0.805756|0.190316|0.001565,True
n375,375,6,504.4,1402.24,1.38883656883935,6,True,6|30|13,0.907860|0.085876|0.002497,True
n375,375,6,504.4,1402.24,0.446406212558893,6,True,6|30|24,0.690987|0.293016|0.006427,True
n375,375,6,504.4,1402.24,1.59302836227069,6,True,6|30|24,0.885032|0.103224|0.008143,True
n375,375,6,504.4,1402.24,1.81911765421545,6,True,6|30|24,0.803559|0.186120|0.003888,True
n375,375,6,504.4,1402.24,0.498648871867895,6,True,6|30|24,0.742295|0.249653|0.003364,True
n375,375,6,504.4,1402.24,1.09156723342348,6,True,6|30|24,0.846879|0.129768|0.015459,True
n375,375,6,504.4,1402.24,1.50223584873,6,True,6|30|24,0.936773|0.059658|0.001359,True
n375,375,6,504.4,1402.24,1.18124991331659,6,True,6|30|24,0.546399|0.423031|0.024332,True
n375,375,6,504.4,1402.24,0.720656610210796,6,True,6|30|24,0.871772|0.119833|0.005068,True
n384,384,6,462.92,1244.21,1.47506144025879,13,False,13|6|24,0.669384|0.309578|0.012194,True
n384,384,6,462.92,1244.21,1.48737197343452,6,True,6|30|9,0.960137|0.013218|0.012543,True
n384,384,6,462.92,1244.21,0.951007019866582,13,False,13|9|24,0.808260|0.077759|0.066836,False
n384,384,6,462.92,1244.21,1.07904598016429,13,False,13|6|24,0.933017|0.047241|0.014037,True
n384,384,6,462.92,1244.21,1.66318515385987,13,False,13|6|24,0.728328|0.261883|0.005148,True
n384,384,6,462.92,1244.21,0.822599525935625,6,True,6|30|9,0.843240|0.076268|0.045975,True
n384,384,6,462.92,1244.21,1.46275146710258,6,True,6|13|9,0.564686|0.372442|0.050621,True
n384,384,6,462.92,1244.21,1.41351351347527,6,True,6|30|9,0.968212|0.017007|0.006119,True
n384,384,6,462.92,1244.21,0.777976799069982,13,False,13|9|6,0.817612|0.154142|0.009896,True
n384,384,6,462.92,1244.21,1.6102572373178,13,False,13|9|6,0.833119|0.087883|0.069365,True
n384,384,6,462.92,1244.21,0.72393188974801,9,False,9|13|6,0.573441|0.373400|0.028640,True
n384,384,6,462.92,1244.21,1.39702165304653,13,False,13|6|24,0.939054|0.053404|0.003268,True
n384,384,6,462.92,1244.21,0.475082725494824,6,True,6|13|30,0.688507|0.139297|0.082890,True
n384,384,6,462.92,1244.21,0.704597752563195,6,True,6|24|30,0.970532|0.010258|0.008795,True
n384,384,6,462.92,1244.21,2.11215440681403,6,True,6|24|13,0.942947|0.018796|0.018671,True
n384,384,6,462.92,1244.21,0.775125743343049,6,True,6|13|24,0.827410|0.155690|0.008257,True
n384,384,6,462.92,1244.21,1.70084703604333,13,False,13|6|24,0.743169|0.246298|0.005155,True
n384,384,6,462.92,1244.21,1.26744034034509,6,True,6|24|13,0.927231|0.037072|0.014441,True
n384,384,6,462.92,1244.21,1.29400892987076,6,True,6|13|24,0.928485|0.027652|0.016234,True
n384,384,6,462.92,1244.21,1.67090108520622,13,False,13|6|9,0.756839|0.215914|0.021271,True
n386,386,9,329.56,896.3,1.59796597387865,13,False,13|9|6,0.519523|0.476599|0.001159,True
n386,386,9,329.56,896.3,0.942760085145227,13,False,13|9|24,0.669306|0.324968|0.003758,True
n386,386,9,329.56,896.3,1.83194037101945,13,False,13|9|24,0.619269|0.373272|0.004128,True
n386,386,9,329.56,896.3,2.15142556919498,9,True,9|13|24,0.629582|0.366096|0.002584,True
n386,386,9,329.56,896.3,0.795138302785221,9,True,9|13|24,0.669673|0.313200|0.014272,True
n386,386,9,329.56,896.3,1.85827267217195,9,True,9|13|24,0.856599|0.138858|0.002376,True
n386,386,9,329.56,896.3,1.49941278631278,9,True,9|13|24,0.628872|0.364654|0.003025,True
n386,386,9,329.56,896.3,0.491823753439239,13,False,13|9|24,0.680157|0.313205|0.003548,True
n386,386,9,329.56,896.3,1.98523251594927,9,True,9|13|24,0.700038|0.296315|0.001740,True
n386,386,9,329.56,896.3,1.23602578157665,9,True,9|13|6,0.822408|0.173944|0.000958,True
n386,386,9,329.56,896.3,1.01263331403427,9,True,9|13|24,0.578693|0.408192|0.007649,True
n386,386,9,329.56,896.3,1.52921918876511,9,True,9|13|24,0.543956|0.448933|0.004711,True
n386,386,9,329.56,896.3,1.76117896163948,9,True,9|13|24,0.699495|0.296566|0.000869,True
n386,386,9,329.56,896.3,0.728790421546202,9,True,9|13|24,0.836759|0.153931|0.005695,True
n386,386,9,329.56,896.3,1.48580865949383,9,True,9|13|24,0.612529|0.383040|0.002089,True
n386,386,9,329.56,896.3,1.66281682746959,9,True,9|13|24,0.893568|0.103294|0.000886,True
n386,386,9,329.56,896.3,2.06967532879974,9,True,9|13|24,0.693747|0.301818|0.001641,True
n386,386,9,329.56,896.3,0.542085249634466,9,True,9|13|24,0.780032|0.170379|0.040107,True
n386,386,9,329.56,896.3,0.960259392378363,13,False,13|9|24,0.614963|0.376728|0.003868,True
n386,386,9,329.56,896.3,1.43161218197244,9,True,9|13|24,0.786561|0.209813|0.001504,True
n387,387,9,504.22,1119.03,0.525780700849145,24,False,24|9|6,0.626168|0.257204|0.070654,True
n387,387,9,504.22,1119.03,2.16773691833998,9,True,9|13|24,0.770940|0.225081|0.001476,True
n387,387,9,504.22,1119.03,0.534135414134299,24,False,24|9|13,0.692972|0.235653|0.062021,True
n387,387,9,504.22,1119.03,0.737125803886107,24,False,24|9|13,0.478211|0.418226|0.097572,True
n387,387,9,504.22,1119.03,0.993129134484665,9,True,9|13|24,0.747419|0.153412|0.088182,True
n387,387,9,504.22,1119.03,0.643029938382859,24,False,24|9|13,0.618189|0.355078|0.021945,True
n387,387,9,504.22,1119.03,1.20843782684686,9,True,9|24|13,0.862403|0.088543|0.044926,True
n387,387,9,504.22,1119.03,0.572953440658749,9,True,9|24|13,0.678624|0.265089|0.039585,True
n387,387,9,504.22,1119.03,0.547187726770014,9,True,9|24|13,0.767904|0.124375|0.079985,True
n387,387,9,504.22,1119.03,1.14147320546636,9,True,9|24|13,0.839690|0.092068|0.062819,True
n387,387,9,504.22,1119.03,1.92751309668591,9,True,9|13|24,0.649101|0.305821|0.041535,True
n387,387,9,504.22,1119.03,1.21509660175685,13,False,13|9|24,0.694164|0.150138|0.136013,True
n387,387,9,504.22,1119.03,2.00525606668051,9,True,9|13|24,0.667168|0.324894|0.005949,True
n387,387,9,504.22,1119.03,0.709630749595405,9,True,9|13|24,0.698113|0.133008|0.120889,True
n387,387,9,504.22,1119.03,1.38893250395719,9,True,9|24|13,0.539687|0.183653|0.130378,True
n387,387,9,504.22,1119.03,1.07649906550109,13,False,13|9|24,0.701174|0.180765|0.111673,True
n387,387,9,504.22,1119.03,1.18194213247356,9,True,9|13|24,0.625258|0.357865|0.013984,True
n387,387,9,504.22,1119.03,0.53447565333178,24,False,24|9|13,0.758974|0.170867|0.064763,True
n387,387,9,504.22,1119.03,0.408509921238866,24,False,24|9|13,0.612793|0.339282|0.016969,True
n387,387,9,504.22,1119.03,0.881391569790863,13,False,13|9|24,0.478282|0.426563|0.092126,True
n388,388,9,482.27,1075.99,0.735150843424712,9,True,9|24|13,0.923220|0.052416|0.015426,True
n388,388,9,482.27,1075.99,0.444979446569608,24,False,24|9|13,0.738430|0.090707|0.073473,True
n388,388,9,482.27,1075.99,1.54079573293023,9,True,9|13|24,0.814949|0.181088|0.001850,True
n388,388,9,482.27,1075.99,0.511144536400216,9,True,9|24|13,0.901626|0.073703|0.018991,True
n388,388,9,482.27,1075.99,1.28100510483449,9,True,9|13|24,0.633215|0.332128|0.030769,True
n388,388,9,482.27,1075.99,0.533416925039966,9,True,9|24|13,0.969685|0.021060|0.003794,True
n388,388,9,482.27,1075.99,1.60584697548764,9,True,9|13|24,0.835485|0.144617|0.014220,True
n388,388,9,482.27,1075.99,0.805943783400443,9,True,9|13|24,0.532903|0.398731|0.063336,True
n388,388,9,482.27,1075.99,1.92086366134534,9,True,9|13|24,0.823553|0.138719|0.033405,True
n388,388,9,482.27,1075.99,0.624054621931508,24,False,24|9|13,0.481653|0.443932|0.066212,True
n388,388,9,482.27,1075.99,1.05763048579531,13,False,13|9|24,0.663209|0.195853|0.134020,True
n388,388,9,482.27,1075.99,1.00927986091447,9,True,9|13|24,0.594434|0.294583|0.105873,True
n388,388,9,482.27,1075.99,0.869038209275836,13,False,13|9|24,0.813212|0.118319|0.063728,True
n388,388,9,482.27,1075.99,0.481578557185562,9,True,9|24|13,0.776058|0.176375|0.035336,True
n388,388,9,482.27,1075.99,1.11866686729783,9,True,9|24|13,0.357826|0.241343|0.234975,True
n388,388,9,482.27,1075.99,0.892215290178671,13,False,13|24|6,0.643119|0.144037|0.106228,False
n388,388,9,482.27,1075.99,1.78959939183009,9,True,9|13|24,0.828434|0.144969|0.020915,True
n388,388,9,482.27,1075.99,1.24053144999322,9,True,9|13|24,0.730125|0.156544|0.086512,True
n388,388,9,482.27,1075.99,0.751469805448774,24,False,24|9|13,0.535088|0.252173|0.172196,True
n388,388,9,482.27,1075.99,0.747346770108465,9,True,9|24|13,0.602278|0.281555|0.078972,True
n389,389,6,486.95,1177.09,0.632288370088722,24,False,24|9|13,0.648818|0.239719|0.103000,False
n389,389,6,486.95,1177.09,0.805912716622247,9,False,9|13|24,0.877193|0.076926|0.041894,False
n389,389,6,486.95,1177.09,1.17540761598456,13,False,13|24|9,0.831571|0.088648|0.063165,False
n389,389,6,486.95,1177.09,1.4528531473697,13,False,13|24|9,0.720135|0.160387|0.111606,False
n389,389,6,486.95,1177.09,1.17359114041296,9,False,9|13|24,0.793763|0.138606|0.061449,False
n389,389,6,486.95,1177.09,0.921537694958862,13,False,13|9|24,0.715781|0.202787|0.041027,False
n389,389,6,486.95,1177.09,1.40195015967715,24,False,24|9|13,0.360870|0.327697|0.297412,False
n389,389,6,486.95,1177.09,1.65551623834628,13,False,13|6|9,0.924649|0.043650|0.017588,True
n389,389,6,486.95,1177.09,1.99922771202231,9,False,9|13|24,0.807940|0.175746|0.013362,False
n389,389,6,486.95,1177.09,2.17061054793972,9,False,9|13|24,0.535893|0.428049|0.028941,False
n389,389,6,486.95,1177.09,1.32700573611484,13,False,13|9|24,0.595106|0.329372|0.072018,False
n389,389,6,486.95,1177.09,2.06622963212055,13,False,13|9|24,0.609195|0.350361|0.028006,False
n389,389,6,486.95,1177.09,0.93681156810937,13,False,13|6|9,0.776017|0.101597|0.051360,True
n389,389,6,486.95,1177.09,0.519438061426428,13,False,13|24|9,0.362514|0.323516|0.304944,False
n389,389,6,486.95,1177.09,1.05022078733694,9,False,9|13|24,0.651828|0.299999|0.044854,False
n389,389,6,486.95,1177.09,1.64623641983403,13,False,13|9|24,0.937911|0.042665|0.016356,False
n389,389,6,486.95,1177.09,2.00092382265358,13,False,13|9|24,0.824696|0.123698|0.041654,False
n389,389,6,486.95,1177.09,1.36672604822583,13,False,13|9|24,0.821330|0.133562|0.033211,False
n389,389,6,486.95,1177.09,0.539311668715324,13,False,13|9|24,0.822644|0.123626|0.047540,False
n389,389,6,486.95,1177.09,1.96121186228549,13,False,13|9|24,0.712187|0.276206|0.007772,False
n401,401,24,718.46,1260.38,1.33988190653416,24,True,24|7|9,0.975796|0.023243|0.000494,True
n401,401,24,718.46,1260.38,0.707322801781141,24,True,24|7|18,0.933336|0.063276|0.000829,True
n401,401,24,718.46,1260.38,1.20745759467878,24,True,24|7|9,0.962010|0.036878|0.000431,True
n401,401,24,718.46,1260.38,1.1998006193423,24,True,24|7|9,0.947871|0.048470|0.001720,True
n401,401,24,718.46,1260.38,1.57991996228178,24,True,24|7|9,0.973581|0.025027|0.000480,True
n401,401,24,718.46,1260.38,0.793590578993337,24,True,24|7|18,0.896141|0.098244|0.004070,True
n401,401,24,718.46,1260.38,0.477285266601424,24,True,24|7|18,0.672551|0.324672|0.001039,True
n401,401,24,718.46,1260.38,2.20712438105179,24,True,24|7|9,0.721123|0.266519|0.005719,True
n401,401,24,718.46,1260.38,1.2200307684036,24,True,24|7|23,0.993338|0.005098|0.000324,True
n401,401,24,718.46,1260.38,0.471136347115948,24,True,24|7|18,0.976935|0.018867|0.002289,True
n401,401,24,718.46,1260.38,1.57113539651782,24,True,24|7|9,0.988968|0.010160|0.000497,True
n401,401,24,718.46,1260.38,1.49701786614678,24,True,24|7|9,0.970954|0.028091|0.000419,True
n401,401,24,718.46,1260.38,0.750075516030463,24,True,24|7|18,0.938975|0.058841|0.000652,True
n401,401,24,718.46,1260.38,0.566003378185395,24,True,24|7|5,0.955906|0.029838|0.005196,True
n401,401,24,718.46,1260.38,0.999768388892089,24,True,24|7|5,0.975338|0.022955|0.000567,True
n401,401,24,718.46,1260.38,0.480762914141277,24,True,24|7|3,0.940756|0.049872|0.003214,True
n401,401,24,718.46,1260.38,0.757322805560254,24,True,24|7|18,0.845334|0.136885|0.008651,True
n401,401,24,718.46,1260.38,0.418535259130117,24,True,24|7|18,0.956280|0.039550|0.001513,True
n401,401,24,718.46,1260.38,0.459492291267858,24,True,24|7|5,0.975557|0.019457|0.001610,True
n401,401,24,718.46,1260.38,0.497282290088508,24,True,24|7|8,0.926747|0.065119|0.004029,True
n403,403,24,659.77,1341.02,0.564374669336844,24,True,24|7|18,0.964257|0.033716|0.000431,True
n403,403,24,659.77,1341.02,0.911890854958179,24,True,24|7|9,0.866396|0.130718|0.001004,True
n403,403,24,659.77,1341.02,0.515868723021163,24,True,24|7|18,0.977130|0.017432|0.003245,True
n403,403,24,659.77,1341.02,1.62655776777218,24,True,24|7|9,0.967135|0.030990|0.000927,True
n403,403,24,659.77,1341.02,1.62451583208967,24,True,24|7|18,0.997411|0.001731|0.000459,True
n403,403,24,659.77,1341.02,0.511407653426469,24,True,24|7|18,0.980647|0.011559|0.005441,True
n403,403,24,659.77,1341.02,1.44399520214846,24,True,24|7|9,0.995136|0.004556|0.000095,True
n403,403,24,659.77,1341.02,1.45840174387527,24,True,24|7|9,0.933326|0.065617|0.000427,True
n403,403,24,659.77,1341.02,1.27813857199238,24,True,24|7|18,0.990013|0.008616|0.000686,True
n403,403,24,659.77,1341.02,1.28451090929705,24,True,24|7|5,0.827899|0.169934|0.000628,True
n403,403,24,659.77,1341.02,2.04052624455811,24,True,24|7|9,0.882047|0.115529|0.000804,True
n403,403,24,659.77,1341.02,0.740925722836387,24,True,24|7|9,0.984406|0.013446|0.001086,True
n403,403,24,659.77,1341.02,1.34390982528907,24,True,24|7|18,0.855387|0.140972|0.000980,True
n403,403,24,659.77,1341.02,0.96064714544425,24,True,24|7|9,0.986772|0.009291|0.001095,True
n403,403,24,659.77,1341.02,1.13548867702257,24,True,24|7|9,0.994574|0.004795|0.000277,True
n403,403,24,659.77,1341.02,0.671688470820906,24,True,24|7|18,0.975445|0.021119|0.001538,True
n403,403,24,659.77,1341.02,2.2037007356522,24,True,24|7|9,0.982102|0.017216|0.000274,True
n403,403,24,659.77,1341.02,1.28097506605695,24,True,24|7|9,0.994322|0.004695|0.000365,True
n403,403,24,659.77,1341.02,0.667373547593807,24,True,24|18|9,0.870440|0.087275|0.037109,True
n403,403,24,659.77,1341.02,1.50745995745923,24,True,24|7|9,0.989293|0.009922|0.000363,True
n408,408,18,673.38,1110.58,2.3134722584377,18,True,18|9|7,0.906232|0.090578|0.001999,True
n408,408,18,673.38,1110.58,0.517616469352207,18,True,18|9|7,0.791578|0.126511|0.075611,True
n408,408,18,673.38,1110.58,1.61437806622758,18,True,18|9|7,0.994790|0.002792|0.001907,True
n408,408,18,673.38,1110.58,1.04303479444671,18,True,18|9|7,0.823380|0.070624|0.056805,True
n408,408,18,673.38,1110.58,1.30326868694022,18,True,18|7|9,0.965894|0.018652|0.008372,True
n408,408,18,673.38,1110.58,0.461152665075455,7,False,7|18|9,0.897203|0.049796|0.040128,True
n408,408,18,673.38,1110.58,1.33273638332386,18,True,18|9|7,0.905977|0.075191|0.015307,True
n408,408,18,673.38,1110.58,0.958112889503013,18,True,18|7|9,0.939400|0.039198|0.014522,True
n408,408,18,673.38,1110.58,0.667044381649373,18,True,18|7|9,0.902604|0.052594|0.037456,True
n408,408,18,673.38,1110.58,0.48246815859333,18,True,18|7|9,0.622816|0.309388|0.024655,True
n408,408,18,673.38,1110.58,1.44333563836893,18,True,18|9|7,0.975911|0.015170|0.007546,True
n408,408,18,673.38,1110.58,2.04504127846007,18,True,18|9|7,0.970838|0.025861|0.002546,True
n408,408,18,673.38,1110.58,0.541798120994894,18,True,18|9|7,0.865898|0.116269|0.013777,True
n408,408,18,673.38,1110.58,1.62737377958382,18,True,18|9|7,0.992285|0.006001|0.001181,True
n408,408,18,673.38,1110.58,0.500658822808236,18,True,18|7|9,0.581620|0.358605|0.028337,True
n408,408,18,673.38,1110.58,0.469630380178625,18,True,18|7|9,0.670160|0.218693|0.097117,True
n408,408,18,673.38,1110.58,1.06820819202766,18,True,18|9|7,0.863415|0.112898|0.019003,True
n408,408,18,673.38,1110.58,2.14349309854653,18,True,18|9|7,0.979554|0.016062|0.003228,True
n408,408,18,673.38,1110.58,0.971512225143736,18,True,18|9|7,0.917388|0.045281|0.031800,True
n408,408,18,673.38,1110.58,1.48107664144771,18,True,18|9|7,0.931031|0.056106|0.010216,True
n409,409,24,773.19,1313.93,0.895715888286876,24,True,24|7|9,0.971747|0.026183|0.000877,True
n409,409,24,773.19,1313.93,1.22949326543443,24,True,24|7|9,0.953694|0.045247|0.000420,True
n409,409,24,773.19,1313.93,1.94559227729142,24,True,24|7|18,0.966612|0.032130|0.000472,True
n409,409,24,773.19,1313.93,1.08985849649889,24,True,24|7|18,0.879184|0.118067|0.000966,True
n409,409,24,773.19,1313.93,0.683763699256735,24,True,24|7|23,0.994554|0.004360|0.000279,True
n409,409,24,773.19,1313.93,0.457798939223793,24,True,24|7|5,0.884162|0.100224|0.006839,True
n409,409,24,773.19,1313.93,1.57030572165962,24,True,24|7|9,0.894424|0.100290|0.001564,True
n409,409,24,773.19,1313.93,1.00996990265141,24,True,24|7|9,0.756954|0.240935|0.000519,True
n409,409,24,773.19,1313.93,1.77401609128789,24,True,24|7|9,0.957047|0.041240|0.000505,True
n409,409,24,773.19,1313.93,0.777272106666781,24,True,24|7|18,0.893293|0.103180|0.001543,True
n409,409,24,773.19,1313.93,1.33164293875157,24,True,24|7|18,0.966914|0.032119|0.000342,True
n409,409,24,773.19,1313.93,1.16818296455996,24,True,24|7|9,0.984271|0.014397|0.000404,True
n409,409,24,773.19,1313.93,0.517312828233777,24,True,24|18|7,0.714715|0.220659|0.042482,True
n409,409,24,773.19,1313.93,1.29444460915829,24,True,24|7|9,0.983165|0.016064|0.000270,True
n409,409,24,773.19,1313.93,2.17433039616562,24,True,24|7|18,0.980810|0.018141|0.000416,True
n409,409,24,773.19,1313.93,1.29082023071233,24,True,24|7|18,0.914467|0.083327|0.000845,True
n409,409,24,773.19,1313.93,0.780165988454062,24,True,24|7|23,0.946993|0.047351|0.002214,True
n409,409,24,773.19,1313.93,1.30352412613157,24,True,24|7|9,0.822892|0.172839|0.001405,True
n409,409,24,773.19,1313.93,1.01511711433731,24,True,24|7|8,0.981891|0.016902|0.000354,True
n409,409,24,773.19,1313.93,0.53621535693333,24,True,24|7|8,0.966024|0.031284|0.000717,True
n417,417,24,860.4,1259.32,1.47546606406118,24,True,24|7|9,0.991480|0.007510|0.000312,True
n417,417,24,860.4,1259.32,2.1659953841258,24,True,24|7|9,0.979142|0.019016|0.000795,True
n417,417,24,860.4,1259.32,2.03065207576432,24,True,24|7|9,0.988933|0.010195|0.000306,True
n417,417,24,860.4,1259.32,0.809841830355547,24,True,24|7|5,0.914315|0.082843|0.001065,True
n417,417,24,860.4,1259.32,1.14829963681345,24,True,24|7|9,0.957136|0.041335|0.000630,True
n417,417,24,860.4,1259.32,0.911643741489047,24,True,24|7|9,0.838836|0.158565|0.000557,True
n417,417,24,860.4,1259.32,1.55385400367179,24,True,24|7|9,0.965923|0.033148|0.000419,True
n417,417,24,860.4,1259.32,0.960470848125219,24,True,24|7|9,0.946635|0.051627|0.000799,True
n417,417,24,860.4,1259.32,0.511939099706255,24,True,24|7|5,0.962234|0.026344|0.005606,True
n417,417,24,860.4,1259.32,1.61213285828094,24,True,24|7|9,0.953909|0.044927|0.000332,True
n417,417,24,860.4,1259.32,0.656409503209115,24,True,24|7|18,0.991368|0.005662|0.001435,True
n417,417,24,860.4,1259.32,1.36041741487829,24,True,24|7|18,0.955586|0.042885|0.000467,True
n417,417,24,860.4,1259.32,1.17324286205476,24,True,24|7|5,0.897341|0.099190|0.001096,True
n417,417,24,860.4,1259.32,1.19319137168854,24,True,24|7|5,0.870625|0.127564|0.000609,True
n417,417,24,860.4,1259.32,0.49146469733971,24,True,24|7|18,0.987740|0.007363|0.001858,True
n417,417,24,860.4,1259.32,1.628826239571,24,True,24|7|9,0.943995|0.054586|0.000520,True
n417,417,24,860.4,1259.32,0.923464012855131,24,True,24|7|18,0.896258|0.086236|0.009679,True
n417,417,24,860.4,1259.32,2.09691015955637,24,True,24|7|9,0.917645|0.080624|0.000670,True
n417,417,24,860.4,1259.32,1.03895715134657,24,True,24|7|9,0.982064|0.015739|0.000697,True
n417,417,24,860.4,1259.32,1.68081515263285,24,True,24|7|18,0.996253|0.002746|0.000323,True
n422,422,7,912.24,1141.67,0.844993249107426,18,False,18|7|24,0.778264|0.217981|0.000921,True
n422,422,7,912.24,1141.67,1.05785690833806,7,True,7|18|5,0.711171|0.281837|0.002452,True
n422,422,7,912.24,1141.67,1.16537398872091,7,True,7|18|8,0.987906|0.008944|0.000799,True
n422,422,7,912.24,1141.67,1.33393590554415,7,True,7|18|9,0.874657|0.112050|0.004566,True
n422,422,7,912.24,1141.67,1.27793059265127,18,False,18|7|24,0.572913|0.424176|0.000972,True
n422,422,7,912.24,1141.67,0.70625717186153,7,True,7|18|24,0.497808|0.495329|0.002494,True
n422,422,7,912.24,1141.67,1.22348632418547,7,True,7|18|5,0.583205|0.405947|0.006172,True
n422,422,7,912.24,1141.67,1.98681943740433,18,False,18|7|9,0.878134|0.117949|0.002069,True
n422,422,7,912.24,1141.67,0.764368992340602,7,True,7|18|9,0.618596|0.376137|0.001699,True
n422,422,7,912.24,1141.67,0.963609864061122,7,True,7|18|5,0.828448|0.167575|0.001122,True
n422,422,7,912.24,1141.67,2.19593944401817,7,True,7|18|9,0.760576|0.234697|0.002058,True
n422,422,7,912.24,1141.67,0.551310985181529,7,True,7|18|5,0.570106|0.417801|0.008306,True
n422,422,7,912.24,1141.67,0.781364167908007,18,False,18|7|9,0.769670|0.221553|0.004339,True
n422,422,7,912.24,1141.67,1.48474486899319,7,True,7|18|24,0.691364|0.304522|0.001888,True
n422,422,7,912.24,1141.67,0.877759182431463,18,False,18|7|9,0.925034|0.056359|0.010750,True
n422,422,7,912.24,1141.67,0.879372176822925,7,True,7|18|5,0.941306|0.048938|0.002998,True
n422,422,7,912.24,1141.67,0.938814494618154,7,True,7|18|24,0.869120|0.126290|0.001043,True
n422,422,7,912.24,1141.67,0.918733193931144,7,True,7|18|24,0.883465|0.114618|0.000576,True
n422,422,7,912.24,1141.67,2.05013790229555,18,False,18|7|9,0.790433|0.205539|0.001015,True
n422,422,7,912.24,1141.67,1.64957449296182,7,True,7|18|24,0.866916|0.122300|0.004250,True
n432,432,7,1047.15,1084.17,0.482592128351468,7,True,7|18|5,0.758949|0.190473|0.031165,True
n432,432,7,1047.15,1084.17,1.27684645195483,7,True,7|18|9,0.940001|0.054493|0.002589,True
n432,432,7,1047.15,1084.17,0.798303685792546,18,False,18|7|5,0.585845|0.384828|0.019577,True
n432,432,7,1047.15,1084.17,0.990954162466474,5,False,5|7|18,0.609023|0.382956|0.002860,True
n432,432,7,1047.15,1084.17,1.15583387161952,7,True,7|18|5,0.871049|0.063287|0.060303,True
n432,432,7,1047.15,1084.17,0.471247289239266,7,True,7|18|5,0.939252|0.052910|0.002055,True
n432,432,7,1047.15,1084.17,1.24286992096154,7,True,7|5|18,0.969601|0.017899|0.009526,True
n432,432,7,1047.15,1084.17,1.20462664440367,7,True,7|5|18,0.905993|0.085714|0.004066,True
n432,432,7,1047.15,1084.17,0.751449033838683,7,True,7|18|5,0.821633|0.100694|0.071806,True
n432,432,7,1047.15,1084.17,0.522378383585301,18,False,18|7|9,0.619917|0.367165|0.003955,True
n432,432,7,1047.15,1084.17,1.55251054982254,7,True,7|5|18,0.684586|0.306029|0.004362,True
n432,432,7,1047.15,1084.17,0.89064960545775,7,True,7|18|5,0.858803|0.078575|0.053844,True
n432,432,7,1047.15,1084.17,0.401349406262287,7,True,7|18|5,0.656290|0.197634|0.085876,True
n432,432,7,1047.15,1084.17,0.931433482662927,7,True,7|5|18,0.767098|0.216632|0.007522,True
n432,432,7,1047.15,1084.17,1.24009162094016,7,True,7|5|18,0.666254|0.252738|0.067574,True
n432,432,7,1047.15,1084.17,1.83620192051883,5,False,5|7|18,0.696240|0.297142|0.002617,True
n432,432,7,1047.15,1084.17,2.14560614910165,7,True,7|5|18,0.905010|0.083390|0.009362,True
n432,432,7,1047.15,1084.17,1.79905173357211,7,True,7|5|18,0.633845|0.309530|0.046844,True
n432,432,7,1047.15,1084.17,2.27792460011017,7,True,7|5|18,0.929882|0.051739|0.012671,True
n432,432,7,1047.15,1084.17,1.64480363763375,7,True,7|18|5,0.583532|0.286994|0.124137,True
n434,434,7,940.91,1231.66,1.68820156764801,24,False,24|7|18,0.881630|0.115445|0.001411,True
n434,434,7,940.91,1231.66,2.30036299474511,24,False,24|7|9,0.994454|0.004466|0.000375,True
n434,434,7,940.91,1231.66,0.995908024041547,24,False,24|7|18,0.987567|0.011092|0.000583,True
n434,434,7,940.91,1231.66,0.936248793460693,24,False,24|7|18,0.959792|0.038080|0.000794,True
n434,434,7,940.91,1231.66,0.697159615342112,24,False,24|7|9,0.925077|0.072545|0.000539,True
n434,434,7,940.91,1231.66,1.25286553922799,24,False,24|7|18,0.777996|0.216322|0.001920,True
n434,434,7,940.91,1231.66,1.11612010689417,24,False,24|7|18,0.849405|0.148796|0.000648,True
n434,434,7,940.91,1231.66,1.25416396767037,24,False,24|7|18,0.950298|0.048638|0.000358,True
n434,434,7,940.91,1231.66,1.22634081503755,24,False,24|7|9,0.959064|0.039367|0.000598,True
n434,434,7,940.91,1231.66,0.495747477483339,24,False,24|7|18,0.982265|0.013697|0.002108,True
n434,434,7,940.91,1231.66,1.90014744363032,24,False,24|7|18,0.943100|0.055378|0.000482,True
n434,434,7,940.91,1231.66,0.500399051149603,24,False,24|7|18,0.963637|0.033587|0.000878,True
n434,434,7,940.91,1231.66,0.495677599976163,24,False,24|7|18,0.834002|0.121086|0.030731,True
n434,434,7,940.91,1231.66,1.30752676026229,24,False,24|7|18,0.875289|0.117485|0.004621,True
n434,434,7,940.91,1231.66,0.738249860928698,24,False,24|7|23,0.919421|0.069678|0.004386,True
n434,434,7,940.91,1231.66,1.6101742947919,24,False,24|7|9,0.957143|0.041932|0.000303,True
n434,434,7,940.91,1231.66,0.98464245558425,24,False,24|7|9,0.972075|0.026403|0.000592,True
n434,434,7,940.91,1231.66,2.17681060937277,24,False,24|7|9,0.951604|0.045530|0.001145,True
n434,434,7,940.91,1231.66,1.65649011757005,24,False,24|7|9,0.959727|0.039641|0.000198,True
n434,434,7,940.91,1231.66,1.27622741659782,24,False,24|7|9,0.865895|0.119679|0.005544,True
n437,437,7,902.13,1011.87,0.509975535946715,7,True,7|5|9,0.913580|0.065677|0.005940,True
n437,437,7,902.13,1011.87,1.44165079256321,7,True,7|5|9,0.989977|0.008961|0.000293,True
n437,437,7,902.13,1011.87,1.13227572384022,7,True,7|5|18,0.914935|0.084058|0.000291,True
n437,437,7,902.13,1011.87,0.588031542950632,7,True,7|5|18,0.890270|0.064401|0.026543,True
n437,437,7,902.13,1011.87,0.771266679870742,7,True,7|5|11,0.899207|0.088821|0.004806,True
n437,437,7,902.13,1011.87,0.471097730391422,7,True,7|18|5,0.961561|0.028639|0.003558,True
n437,437,7,902.13,1011.87,0.510480417998257,7,True,7|18|5,0.612418|0.243330|0.121861,True
n437,437,7,902.13,1011.87,0.945480963204128,7,True,7|5|18,0.994554|0.002807|0.001462,True
n437,437,7,902.13,1011.87,0.463781675841759,7,True,7|5|18,0.687355|0.196781|0.080311,True
n437,437,7,902.13,1011.87,1.17462853197887,7,True,7|5|18,0.983879|0.014870|0.000254,True
n437,437,7,902.13,1011.87,0.944220860516678,7,True,7|5|18,0.962384|0.021754|0.012914,True
n437,437,7,902.13,1011.87,1.14391859934962,7,True,7|5|18,0.989456|0.007076|0.002465,True
n437,437,7,902.13,1011.87,0.508681544900302,7,True,7|18|5,0.822922|0.137496|0.027932,True
n437,437,7,902.13,1011.87,1.94801067049024,7,True,7|5|18,0.990208|0.008020|0.000990,True
n437,437,7,902.13,1011.87,1.01416402580576,7,True,7|18|5,0.988833|0.005664|0.003710,True
n437,437,7,902.13,1011.87,1.94432823770123,7,True,7|5|9,0.998653|0.000546|0.000405,True
n437,437,7,902.13,1011.87,0.923322833413031,7,True,7|5|18,0.912865|0.085852|0.000284,True
n437,437,7,902.13,1011.87,1.09010215965276,7,True,7|18|5,0.764848|0.216649|0.009459,True
n437,437,7,902.13,1011.87,0.569206365026124,7,True,7|5|18,0.798668|0.183746|0.013304,True
n437,437,7,902.13,1011.87,1.27364415292581,7,True,7|5|18,0.991960|0.005111|0.000957,True
n441,441,7,1041.64,1012.03,1.25815956952037,7,True,7|5|18,0.541517|0.454747|0.001400,True
n441,441,7,1041.64,1012.03,1.91759718799022,7,True,7|5|18,0.763677|0.220205|0.009049,True
n441,441,7,1041.64,1012.03,0.421374379573728,7,True,7|5|18,0.880990|0.073474|0.037536,True
n441,441,7,1041.64,1012.03,1.21572122862824,7,True,7|5|17,0.522467|0.469069|0.003142,True
n441,441,7,1041.64,1012.03,1.54290429885312,5,False,5|7|17,0.915170|0.075881|0.004843,True
n441,441,7,1041.64,1012.03,1.27928091542042,5,False,5|7|17,0.837960|0.148828|0.005725,True
n441,441,7,1041.64,1012.03,0.855434880671402,5,False,5|7|18,0.618693|0.365320|0.004954,True
n441,441,7,1041.64,1012.03,0.759545025493819,5,False,5|7|18,0.870579|0.109543|0.007290,True
n441,441,7,1041.64,1012.03,1.87541034283763,7,True,7|5|17,0.956662|0.042439|0.000408,True
n441,441,7,1041.64,1012.03,1.51786840706402,7,True,7|5|17,0.953377|0.046119|0.000093,True
n441,441,7,1041.64,1012.03,0.84419893219294,7,True,7|5|18,0.992111|0.004854|0.001782,True
n441,441,7,1041.64,1012.03,1.2812520604312,7,True,7|5|18,0.826630|0.164955|0.002044,True
n441,441,7,1041.64,1012.03,1.41029255447334,7,True,7|5|17,0.809029|0.187231|0.001475,True
n441,441,7,1041.64,1012.03,1.68492582142943,7,True,7|5|17,0.886792|0.110736|0.001435,True
n441,441,7,1041.64,1012.03,0.741118136834784,7,True,7|5|18,0.775366|0.216633|0.005168,True
n441,441,7,1041.64,1012.03,1.25264223017548,5,False,5|7|17,0.788747|0.198990|0.003333,True
n441,441,7,1041.64,1012.03,1.12981219940225,7,True,7|5|11,0.761428|0.236800|0.000401,True
n441,441,7,1041.64,1012.03,2.16940113527408,5,False,5|7|18,0.607625|0.382580|0.003558,True
n441,441,7,1041.64,1012.03,0.789901496904182,5,False,5|7|18,0.588524|0.397784|0.005549,True
n441,441,7,1041.64,1012.03,0.968673949485105,5,False,5|7|18,0.783683|0.193477|0.018500,True
n453,453,5,1049.92,869.1,0.554168487116077,5,True,5|12|8,0.986335|0.007777|0.002631,True
n453,453,5,1049.92,869.1,0.792526084282753,5,True,5|12|11,0.952889|0.039718|0.004081,True
n453,453,5,1049.92,869.1,0.778982853295806,5,True,5|12|7,0.988342|0.008963|0.001445,True
n453,453,5,1049.92,869.1,1.38274932508109,5,True,5|12|7,0.991400|0.006485|0.001286,True
n453,453,5,1049.92,869.1,2.0713254223004,5,True,5|12|7,0.917720|0.078925|0.001663,True
n453,453,5,1049.92,869.1,0.41627494004548,5,True,5|12|8,0.948785|0.022013|0.012316,True
n453,453,5,1049.92,869.1,0.761662820847193,5,True,5|12|7,0.975728|0.018579|0.003745,True
n453,453,5,1049.92,869.1,1.01236631035217,5,True,5|12|11,0.886054|0.106552|0.003531,True
n453,453,5,1049.92,869.1,2.05992402606224,5,True,5|12|7,0.959401|0.032968|0.004952,True
n453,453,5,1049.92,869.1,2.12170797464189,5,True,5|12|7,0.981371|0.016546|0.001271,True
n453,453,5,1049.92,869.1,0.781799503793431,5,True,5|12|7,0.992844|0.004593|0.001184,True
n453,453,5,1049.92,869.1,0.658201948077529,5,True,5|12|7,0.983859|0.007432|0.005430,True
n453,453,5,1049.92,869.1,2.35854955065938,5,True,5|12|7,0.990822|0.008015|0.000438,True
n453,453,5,1049.92,869.1,1.29777408888221,5,True,5|12|7,0.965246|0.031833|0.001331,True
n453,453,5,1049.92,869.1,0.785831590534946,5,True,5|12|9,0.985091|0.007970|0.002195,True
n453,453,5,1049.92,869.1,1.55647912842924,5,True,5|12|7,0.977442|0.017886|0.002976,True
n453,453,5,1049.92,869.1,1.61125341900502,5,True,5|12|7,0.934495|0.063686|0.000708,True
n453,453,5,1049.92,869.1,2.23735726444012,5,True,5|12|7,0.913947|0.082063|0.002520,True
n453,453,5,1049.92,869.1,1.26299757583593,5,True,5|7|8,0.995342|0.003612|0.000372,True
n453,453,5,1049.92,869.1,0.729408703620287,5,True,5|12|7,0.960107|0.027762|0.009601,True
n459,459,5,1026.06,821.64,1.39813407931655,5,True,5|12|11,0.889462|0.109231|0.000579,True
n459,459,5,1026.06,821.64,1.35037391638282,5,True,5|12|11,0.976857|0.019852|0.001276,True
n459,459,5,1026.06,821.64,0.873386115610258,5,True,5|12|7,0.989911|0.008104|0.001154,True
n459,459,5,1026.06,821.64,1.04588027992715,5,True,5|12|7,0.990473|0.004925|0.001914,True
n459,459,5,1026.06,821.64,1.98496401510129,5,True,5|12|11,0.974113|0.024035|0.000849,True
n459,459,5,1026.06,821.64,0.678325936768869,5,True,5|7|12,0.989137|0.004148|0.002170,True
n459,459,5,1026.06,821.64,1.03816520040292,5,True,5|12|7,0.969972|0.015644|0.005265,True
n459,459,5,1026.06,821.64,0.828799612214119,5,True,5|12|7,0.905863|0.088540|0.002218,True
n459,459,5,1026.06,821.64,1.65842701023835,5,True,5|12|7,0.904567|0.093121|0.001053,True
n459,459,5,1026.06,821.64,1.26002777232249,5,True,5|12|7,0.989828|0.008537|0.000481,True
n459,459,5,1026.06,821.64,0.50408053994037,12,False,12|5|2,0.824608|0.170642|0.001283,True
n459,459,5,1026.06,821.64,1.13073659218465,5,True,5|12|7,0.960902|0.031811|0.002739,True
n459,459,5,1026.06,821.64,1.65031129182915,12,False,12|5|7,0.829031|0.143619|0.008571,True
n459,459,5,1026.06,821.64,1.89203250855454,5,True,5|12|11,0.946865|0.043121|0.007800,True
n459,459,5,1026.06,821.64,1.2528684760696,12,False,12|5|11,0.753099|0.238587|0.005082,True
n459,459,5,1026.06,821.64,1.94170658376608,5,True,5|12|11,0.983965|0.014611|0.000477,True
n459,459,5,1026.06,821.64,1.26405279481612,5,True,5|12|11,0.966403|0.031697|0.000600,True
n459,459,5,1026.06,821.64,0.517852031526271,11,False,11|5|8,0.415683|0.263891|0.169874,True
n459,459,5,1026.06,821.64,0.804181343327345,5,True,5|12|7,0.990661|0.007530|0.000949,True
n459,459,5,1026.06,821.64,1.54847665452479,5,True,5|12|11,0.995076|0.004055|0.000437,True
n462,462,5,1272.98,974.17,1.99386868744236,5,True,5|7|17,0.937923|0.033658|0.024224,True
n462,462,5,1272.98,974.17,2.01014134314049,5,True,5|17|7,0.873229|0.095745|0.024513,True
n462,462,5,1272.98,974.17,1.37347637610953,5,True,5|7|17,0.945009|0.048979|0.004401,True
n462,462,5,1272.98,974.17,0.430383380531604,7,False,7|5|3,0.491918|0.473120|0.014952,True
n462,462,5,1272.98,974.17,1.58193123542979,5,True,5|7|17,0.968695|0.024882|0.004271,True
n462,462,5,1272.98,974.17,1.3210950341807,5,True,5|17|7,0.881743|0.076313|0.039953,True
n462,462,5,1272.98,974.17,0.723143825423173,5,True,5|7|17,0.896447|0.089844|0.009772,True
n462,462,5,1272.98,974.17,0.465903273715543,7,False,7|17|5,0.433492|0.417743|0.115900,True
n462,462,5,1272.98,974.17,1.41055256160574,17,False,17|5|7,0.487814|0.310515|0.195539,True
n462,462,5,1272.98,974.17,0.758363592870231,17,False,17|5|7,0.871073|0.123806|0.002322,True
n462,462,5,1272.98,974.17,1.95438510518752,5,True,5|7|17,0.958287|0.031963|0.008064,True
n462,462,5,1272.98,974.17,1.05728847301,7,False,7|5|17,0.843097|0.073078|0.041949,True
n462,462,5,1272.98,974.17,1.20867678830803,5,True,5|7|17,0.761749|0.140580|0.092410,True
n462,462,5,1272.98,974.17,1.41715484304633,5,True,5|17|7,0.768245|0.189991|0.040101,True
n462,462,5,1272.98,974.17,0.47782976355851,17,False,17|5|7,0.925296|0.048324|0.014331,True
n462,462,5,1272.98,974.17,1.07689468517904,5,True,5|17|7,0.848642|0.146191|0.003989,True
n462,462,5,1272.98,974.17,0.85941152187396,5,True,5|7|17,0.500161|0.423187|0.025544,True
n462,462,5,1272.98,974.17,2.0308168567895,5,True,5|17|7,0.856111|0.126566|0.016094,True
n462,462,5,1272.98,974.17,0.749927124928391,5,True,5|7|17,0.927310|0.066096|0.004306,True
n462,462,5,1272.98,974.17,1.53348490663648,5,True,5|17|7,0.887266|0.098397|0.012769,True
n465,465,11,1171.44,740.24,1.8085609498298,11,True,11|17|8,0.707656|0.218337|0.042530,True
n465,465,11,1171.44,740.24,0.716049709759621,11,True,11|5|17,0.630751|0.179329|0.156287,True
n465,465,11,1171.44,740.24,0.726352781239051,11,True,11|17|5,0.782419|0.133897|0.046220,True
n465,465,11,1171.44,740.24,1.19141922968107,11,True,11|17|8,0.686395|0.267944|0.036290,True
n465,465,11,1171.44,740.24,0.526280084261967,11,True,11|5|8,0.708711|0.141118|0.069841,True
n465,465,11,1171.44,740.24,0.75818895707779,11,True,11|17|8,0.608200|0.184641|0.107173,True
n465,465,11,1171.44,740.24,0.900893780909722,11,True,11|8|17,0.933183|0.029038|0.019777,True
n465,465,11,1171.44,740.24,0.50439210469291,5,False,5|17|11,0.631431|0.266574|0.066154,True
n465,465,11,1171.44,740.24,0.941861025692454,11,True,11|17|8,0.799309|0.104682|0.083106,True
n465,465,11,1171.44,740.24,0.958837108554895,17,False,17|11|8,0.510256|0.409254|0.058143,True
n465,465,11,1171.44,740.24,1.42593679334484,11,True,11|8|17,0.876059|0.053287|0.044146,True
n465,465,11,1171.44,740.24,0.545897778111911,11,True,11|17|5,0.969696|0.019584|0.007450,True
n465,465,11,1171.44,740.24,1.22234867159833,11,True,11|5|17,0.703613|0.161272|0.082525,True
n465,465,11,1171.44,740.24,1.29169994192926,17,False,17|11|8,0.834188|0.143429|0.018593,True
n465,465,11,1171.44,740.24,1.79985260257969,11,True,11|17|8,0.782711|0.139307|0.043960,True
n465,465,11,1171.44,740.24,1.50326721508299,11,True,11|17|5,0.892353|0.050339|0.037162,True
n465,465,11,1171.44,740.24,1.39007191289408,11,True,11|17|8,0.608663|0.225657|0.130295,True
n465,465,11,1171.44,740.24,0.472834318110669,11,True,11|17|27,0.720719|0.180001|0.043204,True
n465,465,11,1171.44,740.24,0.861863770353816,11,True,11|17|8,0.836109|0.076009|0.057247,True
n465,465,11,1171.44,740.24,2.02916251678489,11,True,11|8|17,0.783689|0.120355|0.066379,True
n467,467,17,1376.1,836.7,0.515503800009216,17,True,17|5|8,0.580094|0.405867|0.011718,True
n467,467,17,1376.1,836.7,0.553755367322315,17,True,17|5|8,0.892662|0.086928|0.010018,True
n467,467,17,1376.1,836.7,1.39370972892924,17,True,17|5|8,0.910018|0.085014|0.004508,True
n467,467,17,1376.1,836.7,0.460297985731513,17,True,17|3|11,0.690370|0.216572|0.048582,True
n467,467,17,1376.1,836.7,1.17936462978087,17,True,17|5|8,0.958699|0.027866|0.010954,True
n467,467,17,1376.1,836.7,1.9653044358874,17,True,17|5|8,0.947993|0.046153|0.005447,True
n467,467,17,1376.1,836.7,2.19676500686761,17,True,17|5|8,0.949884|0.037959|0.011893,True
n467,467,17,1376.1,836.7,1.13395425673493,17,True,17|5|8,0.977426|0.019546|0.002752,True
n467,467,17,1376.1,836.7,0.475817912008406,17,True,17|5|8,0.758301|0.157359|0.035663,True
n467,467,17,1376.1,836.7,0.438767507028231,17,True,17|5|8,0.917980|0.076474|0.004026,True
n467,467,17,1376.1,836.7,0.98816506285209,17,True,17|5|8,0.976959|0.016778|0.005248,True
n467,467,17,1376.1,836.7,1.03217901703466,17,True,17|8|5,0.991230|0.005934|0.002534,True
n467,467,17,1376.1,836.7,2.08060801183512,17,True,17|5|8,0.992152|0.004235|0.003307,True
n467,467,17,1376.1,836.7,2.0440598087348,17,True,17|5|8,0.967538|0.021161|0.010281,True
n467,467,17,1376.1,836.7,0.959594720262511,17,True,17|5|8,0.948699|0.047488|0.002999,True
n467,467,17,1376.1,836.7,1.08046153628045,17,True,17|5|8,0.943369|0.045582|0.010725,True
n467,467,17,1376.1,836.7,1.6801386268523,17,True,17|5|8,0.891464|0.092676|0.015055,True
n467,467,17,1376.1,836.7,0.50063233150124,17,True,17|5|8,0.694315|0.240808|0.019471,True
n467,467,17,1376.1,836.7,1.57114153059544,17,True,17|5|8,0.931053|0.062145|0.006463,True
n467,467,17,1376.1,836.7,0.483623285323601,17,True,17|5|8,0.898537|0.064217|0.031255,True
n470,470,22,224.62,728.08,1.8817538930585,22,True,22|20|2,0.999527|0.000358|0.000035,True
n470,470,22,224.62,728.08,1.4391541324436,22,True,22|20|28,0.999734|0.000205|0.000019,True
n470,470,22,224.62,728.08,0.675692129857848,22,True,22|20|2,0.998240|0.001285|0.000296,True
n470,470,22,224.62,728.08,0.510220695717507,22,True,22|20|2,0.999616|0.000145|0.000082,True
n470,470,22,224.62,728.08,0.837362824251045,22,True,22|20|28,0.998888|0.000916|0.000055,True
n470,470,22,224.62,728.08,0.586276156335852,22,True,22|2|20,0.998596|0.000695|0.000479,True
n470,470,22,224.62,728.08,0.452423369753028,22,True,22|2|20,0.999260|0.000404|0.000078,True
n470,470,22,224.62,728.08,1.92416552116616,22,True,22|20|2,0.999785|0.000145|0.000031,True
n470,470,22,224.62,728.08,0.467415085829458,22,True,22|20|2,0.997078|0.001656|0.000627,True
n470,470,22,224.62,728.08,1.66479016142724,22,True,22|20|28,0.999678|0.000265|0.000016,True
n470,470,22,224.62,728.08,1.97543116854856,22,True,22|20|2,0.999510|0.000366|0.000047,True
n470,470,22,224.62,728.08,0.84500139606903,22,True,22|2|20,0.994724|0.002806|0.002049,True
n470,470,22,224.62,728.08,0.84188965589355,22,True,22|20|2,0.999103|0.000374|0.000357,True
n470,470,22,224.62,728.08,1.96509875416999,22,True,22|20|2,0.999783|0.000168|0.000018,True
n470,470,22,224.62,728.08,2.18728534103246,22,True,22|20|28,0.999317|0.000516|0.000049,True
n470,470,22,224.62,728.08,0.668413030475002,22,True,22|20|2,0.999299|0.000404|0.000108,True
n470,470,22,224.62,728.08,0.411146015551468,22,True,22|2|28,0.988017|0.008229|0.002016,True
n470,470,22,224.62,728.08,1.94778481630586,22,True,22|20|28,0.999669|0.000265|0.000017,True
n470,470,22,224.62,728.08,1.56325276536196,22,True,22|20|28,0.999196|0.000653|0.000048,True
n470,470,22,224.62,728.08,1.77604910952061,22,True,22|20|2,0.999413|0.000529|0.000014,True
n471,471,22,218.8,690.24,0.999800151083503,22,True,22|20|24,0.999554|0.000406|0.000008,True
n471,471,22,218.8,690.24,1.38483843104478,22,True,22|20|2,0.999319|0.000576|0.000029,True
n471,471,22,218.8,690.24,1.07027088153569,22,True,22|20|2,0.999869|0.000068|0.000022,True
n471,471,22,218.8,690.24,0.706445003540624,22,True,22|20|28,0.999408|0.000419|0.000042,True
n471,471,22,218.8,690.24,1.05050766482891,22,True,22|20|28,0.999746|0.000192|0.000016,True
n471,471,22,218.8,690.24,1.48698130476793,22,True,22|20|28,0.998521|0.001329|0.000041,True
n471,471,22,218.8,690.24,0.490820186723672,22,True,22|2|20,0.997490|0.001597|0.000676,True
n471,471,22,218.8,690.24,1.99815849770013,22,True,22|20|28,0.999560|0.000356|0.000023,True
n471,471,22,218.8,690.24,0.523042135324068,22,True,22|20|2,0.999600|0.000283|0.000056,True
n471,471,22,218.8,690.24,1.16091671683862,22,True,22|20|2,0.999486|0.000465|0.000013,True
n471,471,22,218.8,690.24,0.750983673065925,22,True,22|20|2,0.998819|0.001069|0.000037,True
n471,471,22,218.8,690.24,0.665927487051569,22,True,22|20|2,0.998104|0.001573|0.000108,True
n471,471,22,218.8,690.24,1.11046921798208,22,True,22|20|28,0.999128|0.000755|0.000040,True
n471,471,22,218.8,690.24,0.950745627017198,22,True,22|20|2,0.997930|0.001453|0.000430,True
n471,471,22,218.8,690.24,1.33662973980473,22,True,22|20|2,0.999761|0.000201|0.000010,True
n471,471,22,218.8,690.24,1.64635955940621,22,True,22|20|2,0.999649|0.000290|0.000013,True
n471,471,22,218.8,690.24,0.486421590444917,22,True,22|20|2,0.999449|0.000233|0.000183,True
n471,471,22,218.8,690.24,2.17245939865868,22,True,22|20|2,0.999575|0.000302|0.000065,True
n471,471,22,218.8,690.24,0.516178835556666,22,True,22|20|2,0.996442|0.002800|0.000357,True
n471,471,22,218.8,690.24,1.46616998065523,22,True,22|20|28,0.999696|0.000197|0.000033,True
n474,474,22,330.68,701.33,0.754656983461283,22,True,22|2|20,0.999602|0.000213|0.000085,True
n474,474,22,330.68,701.33,0.979528862344004,22,True,22|20|2,0.999841|0.000095|0.000024,True
n474,474,22,330.68,701.33,0.799515250645267,22,True,22|20|2,0.999565|0.000274|0.000077,True
n474,474,22,330.68,701.33,1.87778957751873,22,True,22|20|2,0.999888|0.000076|0.000013,True
n474,474,22,330.68,701.33,1.0490197511909,22,True,22|20|28,0.999148|0.000762|0.000036,True
n474,474,22,330.68,701.33,1.8603200389543,22,True,22|20|2,0.999900|0.000048|0.000032,True
n474,474,22,330.68,701.33,2.15830349748188,22,True,22|20|2,0.999835|0.000089|0.000043,True
n474,474,22,330.68,701.33,0.752476608594182,22,True,22|2|20,0.999700|0.000156|0.000080,True
n474,474,22,330.68,701.33,0.938146236627938,22,True,22|2|20,0.999556|0.000285|0.000094,True
n474,474,22,330.68,701.33,1.25721180246473,22,True,22|2|20,0.999449|0.000285|0.000223,True
n474,474,22,330.68,701.33,2.07837894940158,22,True,22|20|2,0.999856|0.000104|0.000014,True
n474,474,22,330.68,701.33,0.524233772804154,22,True,22|2|20,0.997928|0.001881|0.000051,True
n474,474,22,330.68,701.33,0.654960746809919,22,True,22|20|2,0.999362|0.000480|0.000074,True
n474,474,22,330.68,701.33,1.18968750036171,22,True,22|2|20,0.999858|0.000052|0.000049,True
n474,474,22,330.68,701.33,1.26729962096896,22,True,22|20|2,0.999869|0.000071|0.000036,True
n474,474,22,330.68,701.33,0.46944498331807,22,True,22|2|20,0.999560|0.000186|0.000125,True
n474,474,22,330.68,701.33,0.493945939438056,22,True,22|2|15,0.965800|0.033557|0.000134,True
n474,474,22,330.68,701.33,2.09664031443623,22,True,22|20|2,0.999628|0.000258|0.000049,True
n474,474,22,330.68,701.33,0.613223963428928,22,True,22|2|20,0.998769|0.001072|0.000048,True
n474,474,22,330.68,701.33,1.3817995316021,22,True,22|20|2,0.999802|0.000121|0.000029,True
n478,478,20,201.14,458.08,0.987531648711539,20,True,20|28|2,0.994280|0.004355|0.000875,True
n478,478,20,201.14,458.08,1.10871510950063,20,True,20|28|2,0.983117|0.013934|0.000729,True
n478,478,20,201.14,458.08,0.518848428610962,20,True,20|28|2,0.983466|0.013923|0.001318,True
n478,478,20,201.14,458.08,2.15964761571027,20,True,20|28|2,0.998404|0.001034|0.000159,True
n478,478,20,201.14,458.08,2.14859274649102,20,True,20|28|22,0.998872|0.000800|0.000057,True
n478,478,20,201.14,458.08,1.58087942122484,20,True,20|28|22,0.997664|0.001414|0.000249,True
n478,478,20,201.14,458.08,0.914583733515866,20,True,20|28|22,0.999100|0.000283|0.000235,True
n478,478,20,201.14,458.08,0.89763324367132,20,True,20|28|22,0.999428|0.000182|0.000132,True
n478,478,20,201.14,458.08,1.32631372557077,20,True,20|28|22,0.993562|0.004252|0.000510,True
n478,478,20,201.14,458.08,1.74724939282794,20,True,20|28|24,0.999238|0.000446|0.000048,True
n478,478,20,201.14,458.08,0.77303726884526,20,True,20|22|28,0.995638|0.001583|0.001582,True
n478,478,20,201.14,458.08,1.36049698945991,20,True,20|28|2,0.998028|0.001518|0.000116,True
n478,478,20,201.14,458.08,1.1696190554816,20,True,20|22|2,0.997409|0.001056|0.000708,True
n478,478,20,201.14,458.08,2.15402784626212,20,True,20|28|2,0.999154|0.000435|0.000099,True
n478,478,20,201.14,458.08,1.43232810054126,20,True,20|28|2,0.999339|0.000343|0.000060,True
n478,478,20,201.14,458.08,1.55604694913362,20,True,20|28|22,0.999353|0.000368|0.000074,True
n478,478,20,201.14,458.08,1.09366964168885,20,True,20|28|2,0.996436|0.002242|0.000563,True
n478,478,20,201.14,458.08,1.38903127082463,20,True,20|28|22,0.999281|0.000321|0.000076,True
n478,478,20,201.14,458.08,2.13270700846371,20,True,20|28|2,0.993855|0.005333|0.000281,True
n478,478,20,201.14,458.08,0.635115540095935,20,True,20|28|22,0.519867|0.470806|0.006785,True
n481,481,20,178.54,323.91,0.722612005076233,28,False,28|20|15,0.949955|0.048615|0.000394,True
n481,481,20,178.54,323.91,2.1622548516321,28,False,28|20|24,0.965916|0.033469|0.000093,True
n481,481,20,178.54,323.91,0.549715513515758,20,True,20|28|2,0.810847|0.179787|0.004820,True
n481,481,20,178.54,323.91,1.93958642723658,28,False,28|20|15,0.993267|0.006343|0.000076,True
n481,481,20,178.54,323.91,1.12027785937269,28,False,28|20|24,0.982616|0.016771|0.000090,True
n481,481,20,178.54,323.91,1.94288664189875,28,False,28|20|24,0.978707|0.020793|0.000061,True
n481,481,20,178.54,323.91,0.527659343738869,28,False,28|20|15,0.999022|0.000247|0.000233,True
n481,481,20,178.54,323.91,1.35668248393027,28,False,28|20|24,0.752231|0.246585|0.000209,True
n481,481,20,178.54,323.91,0.750795558997396,28,False,28|20|2,0.821860|0.176560|0.000271,True
n481,481,20,178.54,323.91,1.12408173439805,28,False,28|20|24,0.992562|0.006554|0.000164,True
n481,481,20,178.54,323.91,0.489597486223717,20,True,20|28|2,0.949611|0.046807|0.001104,True
n481,481,20,178.54,323.91,0.996405176782352,28,False,28|20|15,0.996683|0.002956|0.000102,True
n481,481,20,178.54,323.91,0.769322729597636,20,True,20|28|2,0.616362|0.376881|0.001603,True
n481,481,20,178.54,323.91,1.63218224721521,28,False,28|20|15,0.808610|0.189819|0.000294,True
n481,481,20,178.54,323.91,1.28245684759836,20,True,20|28|15,0.898690|0.098648|0.000391,True
n481,481,20,178.54,323.91,2.01219644644425,28,False,28|20|24,0.853156|0.145530|0.000171,True
n481,481,20,178.54,323.91,1.27801873023731,20,True,20|28|2,0.879335|0.119618|0.000171,True
n481,481,20,178.54,323.91,0.710393484453876,28,False,28|20|15,0.998792|0.000931|0.000118,True
n481,481,20,178.54,323.91,1.15418768440029,28,False,28|20|24,0.983039|0.016450|0.000102,True
n481,481,20,178.54,323.91,0.523928149820948,20,True,20|28|22,0.958108|0.036293|0.002362,True
n491,491,22,420.9,596.8,1.08586145157053,22,True,22|2|20,0.991262|0.006310|0.001777,True
n491,491,22,420.9,596.8,0.691851335460913,22,True,22|2|20,0.741177|0.167882|0.085436,True
n491,491,22,420.9,596.8,1.05102240187283,22,True,22|2|20,0.992412|0.006622|0.000659,True
n491,491,22,420.9,596.8,0.452302611014656,22,True,22|20|2,0.982784|0.008810|0.007002,True
n491,491,22,420.9,596.8,0.782315491476781,22,True,22|2|20,0.696603|0.248764|0.045635,True
n491,491,22,420.9,596.8,0.507889903601366,22,True,22|20|28,0.358831|0.298787|0.211585,True
n491,491,22,420.9,596.8,1.06374193013054,22,True,22|2|20,0.998389|0.001016|0.000479,True
n491,491,22,420.9,596.8,2.1219670396548,22,True,22|20|2,0.987027|0.009376|0.003158,True
n491,491,22,420.9,596.8,2.15038686482128,22,True,22|2|20,0.983916|0.015124|0.000737,True
n491,491,22,420.9,596.8,1.54273786799165,22,True,22|2|20,0.995052|0.004562|0.000293,True
n491,491,22,420.9,596.8,1.89854237652728,22,True,22|2|20,0.984863|0.012862|0.001952,True
n491,491,22,420.9,596.8,1.28550577277684,22,True,22|2|20,0.996247|0.001903|0.001504,True
n491,491,22,420.9,596.8,1.35188070323219,22,True,22|2|20,0.994248|0.005464|0.000215,True
n491,491,22,420.9,596.8,1.31676428429861,22,True,22|2|20,0.990039|0.007839|0.001935,True
n491,491,22,420.9,596.8,0.470258952370264,22,True,22|2|20,0.994977|0.002645|0.001167,True
n491,491,22,420.9,596.8,1.60190420614394,22,True,22|2|20,0.976720|0.022036|0.001044,True
n491,491,22,420.9,596.8,1.78665330663547,22,True,22|20|2,0.988307|0.009924|0.001496,True
n491,491,22,420.9,596.8,1.63918971882647,22,True,22|2|20,0.978220|0.017962|0.003512,True
n491,491,22,420.9,596.8,0.486489883512229,22,True,22|2|15,0.984378|0.012716|0.000987,True
n491,491,22,420.9,596.8,0.725070003862927,22,True,22|2|20,0.971756|0.013282|0.009082,True
n513,513,28,333.63,191.29,2.17095147314847,28,True,28|20|15,0.996524|0.002156|0.000523,True
n513,513,28,333.63,191.29,1.4123691482426,28,True,28|20|15,0.997089|0.001495|0.000921,True
n513,513,28,333.63,191.29,1.20782377702173,28,True,28|20|2,0.984783|0.010029|0.003422,True
n513,513,28,333.63,191.29,0.449838437089793,28,True,28|20|15,0.798478|0.188201|0.007788,True
n513,513,28,333.63,191.29,1.08133272149424,28,True,28|2|20,0.996901|0.001170|0.001107,True
n513,513,28,333.63,191.29,0.716301616033412,28,True,28|20|15,0.962420|0.026683|0.009550,True
n513,513,28,333.63,191.29,0.503871805722197,20,False,20|28|15,0.484607|0.467388|0.021265,True
n513,513,28,333.63,191.29,1.2242270142095,28,True,28|2|20,0.814093|0.144259|0.025047,True
n513,513,28,333.63,191.29,1.29698788592539,28,True,28|20|2,0.989672|0.008129|0.001061,True
n513,513,28,333.63,191.29,0.629286945762063,15,False,15|20|2,0.350246|0.324796|0.184000,False
n513,513,28,333.63,191.29,0.919425434056073,28,True,28|20|15,0.975291|0.019820|0.002679,True
n513,513,28,333.63,191.29,1.29407217310016,28,True,28|20|2,0.861318|0.117444|0.009666,True
n513,513,28,333.63,191.29,1.36664323297029,28,True,28|20|2,0.978672|0.010597|0.006895,True
n513,513,28,333.63,191.29,1.02027341461615,28,True,28|15|20,0.968280|0.014232|0.013716,True
n513,513,28,333.63,191.29,1.31646831496237,28,True,28|20|2,0.968736|0.020477|0.004940,True
n513,513,28,333.63,191.29,1.10446289600034,28,True,28|15|20,0.984794|0.006948|0.004643,True
n513,513,28,333.63,191.29,1.52279708986463,28,True,28|20|2,0.990358|0.007532|0.001158,True
n513,513,28,333.63,191.29,0.517247488253978,2,False,2|20|28,0.737722|0.170142|0.081131,True
n513,513,28,333.63,191.29,0.751594148709648,28,True,28|20|15,0.763497|0.144414|0.089625,True
n513,513,28,333.63,191.29,0.523495440982703,20,False,20|15|28,0.646524|0.179248|0.096737,True
n517,517,2,545.09,546.98,0.773924365924413,2,True,2|15|12,0.978722|0.020455|0.000146,True
n517,517,2,545.09,546.98,0.780765573124751,2,True,2|15|24,0.865257|0.132361|0.000239,True
n517,517,2,545.09,546.98,0.89917890774165,2,True,2|15|9,0.996133|0.003166|0.000088,True
n517,517,2,545.09,546.98,0.523454067290752,2,True,2|15|24,0.909392|0.088708|0.000330,True
n517,517,2,545.09,546.98,0.731144176622901,2,True,2|15|28,0.834784|0.162979|0.000358,True
n517,517,2,545.09,546.98,1.02941139090992,2,True,2|15|9,0.871634|0.127826|0.000071,True
n517,517,2,545.09,546.98,0.747665416332317,2,True,2|15|28,0.972430|0.026133|0.000195,True
n517,517,2,545.09,546.98,1.53254018339289,2,True,2|15|12,0.999295|0.000468|0.000030,True
n517,517,2,545.09,546.98,1.18377908155242,2,True,2|15|9,0.983823|0.015309|0.000135,True
n517,517,2,545.09,546.98,1.57497051937092,2,True,2|15|9,0.991864|0.007475|0.000059,True
n517,517,2,545.09,546.98,0.96715027524128,2,True,2|15|9,0.976587|0.022999|0.000053,True
n517,517,2,545.09,546.98,0.71941733070524,2,True,2|15|12,0.986370|0.012367|0.000211,True
n517,517,2,545.09,546.98,1.41264684226725,2,True,2|15|11,0.993224|0.006333|0.000047,True
n517,517,2,545.09,546.98,1.22158603110064,2,True,2|15|9,0.997514|0.002283|0.000027,True
n517,517,2,545.09,546.98,2.03535648276423,2,True,2|15|9,0.979166|0.020344|0.000069,True
n517,517,2,545.09,546.98,1.50786890497677,2,True,2|15|9,0.820057|0.179333|0.000072,True
n517,517,2,545.09,546.98,1.38505339098801,2,True,2|15|9,0.996838|0.002831|0.000036,True
n517,517,2,545.09,546.98,1.02054215573154,2,True,2|15|12,0.911799|0.087636|0.000064,True
n517,517,2,545.09,546.98,1.98631208581346,2,True,2|15|12,0.935768|0.063674|0.000083,True
n517,517,2,545.09,546.98,2.30066510909229,2,True,2|15|12,0.996012|0.003374|0.000068,True
n519,519,12,713.91,799.8,0.415382987194995,12,True,12|18|7,0.986619|0.004158|0.004102,True
n519,519,12,713.91,799.8,0.773806536678362,12,True,12|2|9,0.987249|0.005233|0.002401,True
n519,519,12,713.91,799.8,1.24733078333186,12,True,12|2|18,0.996889|0.001350|0.000577,True
n519,519,12,713.91,799.8,1.27758783852502,12,True,12|2|18,0.998851|0.000263|0.000209,True
n519,519,12,713.91,799.8,0.534913036056726,2,False,2|12|18,0.810892|0.133401|0.033739,True
n519,519,12,713.91,799.8,0.763533737115138,12,True,12|2|9,0.989291|0.002324|0.002066,True
n519,519,12,713.91,799.8,0.484449471673668,12,True,12|9|2,0.960532|0.011806|0.010996,True
n519,519,12,713.91,799.8,0.525889729387155,12,True,12|2|9,0.982604|0.011118|0.002405,True
n519,519,12,713.91,799.8,1.00069062352395,12,True,12|18|11,0.998775|0.000277|0.000215,True
n519,519,12,713.91,799.8,1.20797746513414,12,True,12|2|18,0.989084|0.009726|0.000315,True
n519,519,12,713.91,799.8,0.796523862298176,12,True,12|18|2,0.989343|0.006934|0.001085,True
n519,519,12,713.91,799.8,0.784724539935077,12,True,12|2|9,0.997552|0.001122|0.000363,True
n519,519,12,713.91,799.8,1.28572203859896,12,True,12|2|9,0.985445|0.006356|0.002631,True
n519,519,12,713.91,799.8,1.52797455898397,12,True,12|2|18,0.996131|0.001075|0.000697,True
n519,519,12,713.91,799.8,1.77506210154944,12,True,12|2|18,0.996525|0.001585|0.000437,True
n519,519,12,713.91,799.8,1.39247365225221,12,True,12|2|18,0.997014|0.001009|0.000557,True
n519,519,12,713.91,799.8,0.397621937960287,12,True,12|2|9,0.534972|0.409818|0.029077,True
n519,519,12,713.91,799.8,0.455284208660355,12,True,12|9|2,0.973555|0.008030|0.005917,True
n519,519,12,713.91,799.8,1.87930482009202,12,True,12|2|18,0.992884|0.004513|0.000868,True
n519,519,12,713.91,799.8,0.958552948358801,12,True,12|2|18,0.964009|0.033265|0.000836,True
n521,521,2,677.62,698.18,1.39778222130693,12,False,12|2|18,0.982533|0.015622|0.000541,True
n521,521,2,677.62,698.18,1.87802237707142,12,False,12|2|18,0.737142|0.258159|0.001124,True
n521,521,2,677.62,698.18,0.907182640453372,12,False,12|2|18,0.933899|0.061876|0.000898,True
n521,521,2,677.62,698.18,0.902884617349918,12,False,12|2|16,0.827230|0.168271|0.001423,True
n521,521,2,677.62,698.18,1.8008039012693,12,False,12|2|18,0.652898|0.339003|0.001851,True
n521,521,2,677.62,698.18,0.762627572247845,2,True,2|12|15,0.640744|0.301381|0.027338,True
n521,521,2,677.62,698.18,1.00140084604486,12,False,12|2|16,0.984920|0.013956|0.000318,True
n521,521,2,677.62,698.18,1.26714870181068,2,True,2|12|16,0.572813|0.422261|0.000966,True
n521,521,2,677.62,698.18,1.11442377643546,12,False,12|2|18,0.773708|0.223485|0.000723,True
n521,521,2,677.62,698.18,1.13098260088041,12,False,12|2|16,0.825145|0.163836|0.007361,True
n521,521,2,677.62,698.18,1.36122448794844,12,False,12|2|16,0.944929|0.053878|0.000285,True
n521,521,2,677.62,698.18,1.17112571580558,12,False,12|2|16,0.990946|0.008086|0.000282,True
n521,521,2,677.62,698.18,1.92171216459886,12,False,12|2|18,0.947953|0.050271|0.000411,True
n521,521,2,677.62,698.18,1.9160384555297,12,False,12|2|18,0.944254|0.053006|0.000705,True
n521,521,2,677.62,698.18,0.730840068530816,12,False,12|2|16,0.622201|0.358431|0.011395,True
n521,521,2,677.62,698.18,1.12109209435183,12,False,12|2|18,0.736853|0.257808|0.001104,True
n521,521,2,677.62,698.18,0.493237722797278,12,False,12|2|18,0.740116|0.233486|0.005920,True
n521,521,2,677.62,698.18,0.912360919123366,12,False,12|2|18,0.812735|0.182343|0.001305,True
n521,521,2,677.62,698.18,0.992280496224149,12,False,12|2|16,0.990717|0.008173|0.000635,True
n521,521,2,677.62,698.18,1.20106050975801,12,False,12|2|18,0.768333|0.229607|0.000477,True
n526,526,28,422.52,148.38,0.726578694158958,28,True,28|15|20,0.972015|0.027218|0.000101,True
n526,526,28,422.52,148.38,0.641796491051476,28,True,28|15|2,0.971771|0.026844|0.000353,True
n526,526,28,422.52,148.38,1.23980840669517,28,True,28|15|2,0.993243|0.006041|0.000217,True
n526,526,28,422.52,148.38,0.530893676879417,28,True,28|15|2,0.668203|0.241297|0.075070,True
n526,526,28,422.52,148.38,2.14354173870616,28,True,28|15|2,0.999616|0.000120|0.000062,True
n526,526,28,422.52,148.38,1.39302303213302,28,True,28|15|2,0.999478|0.000350|0.000022,True
n526,526,28,422.52,148.38,2.1486745420177,28,True,28|15|2,0.998508|0.001124|0.000053,True
n526,526,28,422.52,148.38,0.438134572691537,28,True,28|15|2,0.997078|0.002099|0.000131,True
n526,526,28,422.52,148.38,1.44644764065442,28,True,28|15|2,0.999347|0.000320|0.000046,True
n526,526,28,422.52,148.38,0.733494146886101,28,True,28|15|2,0.996190|0.003024|0.000154,True
n526,526,28,422.52,148.38,0.579958460531619,28,True,28|15|2,0.954698|0.043175|0.000487,True
n526,526,28,422.52,148.38,0.535095949989656,28,True,28|15|2,0.976171|0.021791|0.000693,True
n526,526,28,422.52,148.38,1.21896160642961,28,True,28|15|24,0.999412|0.000188|0.000061,True
n526,526,28,422.52,148.38,1.09668871527051,28,True,28|15|24,0.991475|0.008240|0.000034,True
n526,526,28,422.52,148.38,0.732592720773181,28,True,28|15|2,0.993302|0.005185|0.000282,True
n526,526,28,422.52,148.38,0.642708007861719,28,True,28|15|2,0.999454|0.000235|0.000058,True
n526,526,28,422.52,148.38,0.57841586486385,28,True,28|15|2,0.987170|0.007847|0.002568,True
n526,526,28,422.52,148.38,1.43584740500036,28,True,28|15|2,0.999239|0.000607|0.000026,True
n526,526,28,422.52,148.38,1.27133008000824,28,True,28|15|2,0.986108|0.013532|0.000059,True
n526,526,28,422.52,148.38,1.43108472608747,28,True,28|15|2,0.996707|0.002918|0.000071,True
n529,529,12,775.93,710.0,1.48026241422302,12,True,12|2|18,0.997122|0.002240|0.000154,True
n529,529,12,775.93,710.0,2.18668973271511,12,True,12|2|18,0.998371|0.000918|0.000159,True
n529,529,12,775.93,710.0,0.935718112260778,12,True,12|2|18,0.997054|0.001107|0.001043,True
n529,529,12,775.93,710.0,1.24774757528777,12,True,12|2|16,0.995651|0.003169|0.000322,True
n529,529,12,775.93,710.0,2.27644059775188,12,True,12|2|18,0.999156|0.000361|0.000112,True
n529,529,12,775.93,710.0,0.43407343839105,12,True,12|2|8,0.997540|0.000520|0.000454,True
n529,529,12,775.93,710.0,0.824377928555227,12,True,12|2|16,0.997872|0.000801|0.000362,True
n529,529,12,775.93,710.0,2.11223326826613,12,True,12|2|16,0.998841|0.000655|0.000149,True
n529,529,12,775.93,710.0,0.461501373623586,12,True,12|2|18,0.979392|0.012307|0.002302,True
n529,529,12,775.93,710.0,1.00736511717974,12,True,12|2|16,0.998069|0.001396|0.000173,True
n529,529,12,775.93,710.0,0.989163387419991,12,True,12|11|2,0.998562|0.000455|0.000341,True
n529,529,12,775.93,710.0,1.79145771503191,12,True,12|2|11,0.999141|0.000478|0.000090,True
n529,529,12,775.93,710.0,0.716458299700454,12,True,12|2|18,0.996158|0.003008|0.000213,True
n529,529,12,775.93,710.0,1.50105780938662,12,True,12|2|11,0.999448|0.000188|0.000121,True
n529,529,12,775.93,710.0,1.49650343985044,12,True,12|2|11,0.995429|0.003041|0.000578,True
n529,529,12,775.93,710.0,0.449179395930528,12,True,12|2|11,0.972730|0.014975|0.005105,True
n529,529,12,775.93,710.0,0.5855841933194,12,True,12|2|16,0.998300|0.001096|0.000146,True
n529,529,12,775.93,710.0,1.44134629067013,12,True,12|2|18,0.998762|0.000681|0.000134,True
n529,529,12,775.93,710.0,1.3069023020078,12,True,12|2|11,0.999221|0.000369|0.000100,True
n529,529,12,775.93,710.0,1.24224716393688,12,True,12|2|11,0.999020|0.000538|0.000144,True
n530,530,15,506.12,233.27,1.51152466024468,15,True,15|28|2,0.979182|0.020255|0.000219,True
n530,530,15,506.12,233.27,1.38265154891386,15,True,15|28|2,0.889498|0.109903|0.000192,True
n530,530,15,506.12,233.27,0.857762220323537,15,True,15|28|2,0.844073|0.153922|0.000773,True
n530,530,15,506.12,233.27,2.13896265233629,15,True,15|28|2,0.800998|0.198420|0.000099,True
n530,530,15,506.12,233.27,2.17925323959476,15,True,15|28|2,0.904053|0.095297|0.000136,True
n530,530,15,506.12,233.27,2.08865225847466,15,True,15|28|2,0.752718|0.246378|0.000310,True
n530,530,15,506.12,233.27,1.43582640961807,15,True,15|28|2,0.953308|0.046318|0.000076,True
n530,530,15,506.12,233.27,0.756877867075038,15,True,15|28|2,0.901720|0.097705|0.000113,True
n530,530,15,506.12,233.27,1.44471703770544,15,True,15|28|2,0.948104|0.050581|0.000565,True
n530,530,15,506.12,233.27,1.7691467383876,15,True,15|28|2,0.991170|0.007342|0.000672,True
n530,530,15,506.12,233.27,0.769132361866428,15,True,15|28|2,0.947217|0.051829|0.000231,True
n530,530,15,506.12,233.27,0.751340061459122,15,True,15|28|2,0.865625|0.132453|0.000720,True
n530,530,15,506.12,233.27,1.93127874641456,15,True,15|28|2,0.770216|0.229289|0.000103,True
n530,530,15,506.12,233.27,0.998239802747198,15,True,15|28|2,0.560710|0.437775|0.000433,True
n530,530,15,506.12,233.27,0.997352122038444,15,True,15|28|2,0.745309|0.253922|0.000344,True
n530,530,15,506.12,233.27,1.0544794394701,15,True,15|28|2,0.851159|0.148060|0.000329,True
n530,530,15,506.12,233.27,1.48248433545883,15,True,15|28|20,0.596179|0.403255|0.000120,True
n530,530,15,506.12,233.27,1.78667193357357,15,True,15|28|2,0.682787|0.316562|0.000177,True
n530,530,15,506.12,233.27,0.660856021808848,28,False,28|15|2,0.645492|0.352484|0.000797,True
n530,530,15,506.12,233.27,1.26095147410109,15,True,15|28|2,0.975607|0.024147|0.000049,True
n536,536,12,829.95,654.44,1.39150603231868,12,True,12|11|16,0.995585|0.003850|0.000193,True
n536,536,12,829.95,654.44,1.50057695100409,12,True,12|11|16,0.999429|0.000434|0.000076,True
n536,536,12,829.95,654.44,2.05190032774211,12,True,12|11|16,0.999757|0.000172|0.000018,True
n536,536,12,829.95,654.44,1.2378454763128,12,True,12|11|16,0.999020|0.000861|0.000030,True
n536,536,12,829.95,654.44,0.729741579387305,12,True,12|11|16,0.999542|0.000192|0.000145,True
n536,536,12,829.95,654.44,1.07787432015874,12,True,12|16|11,0.991445|0.008144|0.000214,True
n536,536,12,829.95,654.44,0.503259102078422,12,True,12|11|8,0.988923|0.009653|0.000650,True
n536,536,12,829.95,654.44,1.00812492513585,12,True,12|11|27,0.998297|0.001284|0.000097,True
n536,536,12,829.95,654.44,1.5696423276655,12,True,12|11|16,0.999555|0.000303|0.000090,True
n536,536,12,829.95,654.44,1.09372332126594,12,True,12|11|16,0.999511|0.000353|0.000026,True
n536,536,12,829.95,654.44,0.947634936286732,12,True,12|11|16,0.999656|0.000242|0.000021,True
n536,536,12,829.95,654.44,1.16026006886575,12,True,12|11|16,0.999445|0.000446|0.000023,True
n536,536,12,829.95,654.44,1.01063451921232,12,True,12|11|16,0.998775|0.000965|0.000118,True
n536,536,12,829.95,654.44,0.867222854442728,12,True,12|11|16,0.999227|0.000346|0.000116,True
n536,536,12,829.95,654.44,1.17166024726254,12,True,12|16|11,0.999536|0.000248|0.000136,True
n536,536,12,829.95,654.44,1.67062008873235,12,True,12|11|16,0.999546|0.000362|0.000029,True
n536,536,12,829.95,654.44,1.11457121056861,12,True,12|11|16,0.999463|0.000394|0.000034,True
n536,536,12,829.95,654.44,1.57802926915584,12,True,12|11|7,0.999778|0.000122|0.000031,True
n536,536,12,829.95,654.44,0.458404399821353,11,False,11|27|12,0.911278|0.034497|0.012642,True
n536,536,12,829.95,654.44,0.822281962206836,12,True,12|11|16,0.999156|0.000442|0.000255,True
n539,539,2,708.69,489.54,0.478484366518877,2,True,2|15|12,0.801026|0.120651|0.064221,True
n539,539,2,708.69,489.54,1.54057507753721,2,True,2|15|12,0.915184|0.076308|0.003509,True
n539,539,2,708.69,489.54,1.35854355046153,2,True,2|15|16,0.957144|0.038174|0.003134,True
n539,539,2,708.69,489.54,2.19989224940178,2,True,2|15|12,0.967118|0.029236|0.001423,True
n539,539,2,708.69,489.54,1.62566613663728,2,True,2|15|12,0.807993|0.178528|0.006638,True
n539,539,2,708.69,489.54,1.26163861754681,2,True,2|15|12,0.500752|0.489658|0.002507,True
n539,539,2,708.69,489.54,0.515252061725182,15,False,15|2|16,0.857704|0.119136|0.020612,True
n539,539,2,708.69,489.54,1.44918101244341,2,True,2|15|12,0.537269|0.450645|0.005866,True
n539,539,2,708.69,489.54,1.18458690198365,2,True,2|15|16,0.640229|0.337903|0.010464,True
n539,539,2,708.69,489.54,0.5074006876661,15,False,15|2|12,0.970987|0.022642|0.004279,True
n539,539,2,708.69,489.54,1.63116933859363,2,True,2|15|12,0.933100|0.065126|0.000750,True
n539,539,2,708.69,489.54,0.476218673879662,15,False,15|2|16,0.605443|0.381692|0.007231,True
n539,539,2,708.69,489.54,1.94695109156614,15,False,15|2|12,0.757336|0.236255|0.002347,True
n539,539,2,708.69,489.54,0.460187021379471,2,True,2|15|16,0.957950|0.023145|0.008761,True
n539,539,2,708.69,489.54,0.529887551496965,2,True,2|16|12,0.964553|0.032347|0.001075,True
n539,539,2,708.69,489.54,0.950336850544845,15,False,15|2|11,0.694973|0.299783|0.000851,True
n539,539,2,708.69,489.54,0.480508087531035,15,False,15|2|16,0.506406|0.445260|0.039436,True
n539,539,2,708.69,489.54,1.57896598639587,2,True,2|15|12,0.982898|0.015062|0.001078,True
n539,539,2,708.69,489.54,0.694847539483031,15,False,15|2|16,0.907940|0.085202|0.004224,True
n539,539,2,708.69,489.54,0.576741698385647,2,True,2|15|16,0.666609|0.320068|0.004560,True
n545,545,15,569.39,234.87,1.27792346516119,15,True,15|28|2,0.999751|0.000060|0.000045,True
n545,545,15,569.39,234.87,0.661414881208429,15,True,15|28|16,0.999404|0.000227|0.000100,True
n545,545,15,569.39,234.87,1.0297800144488,15,True,15|2|28,0.999653|0.000107|0.000056,True
n545,545,15,569.39,234.87,1.06139999803362,15,True,15|28|2,0.998891|0.000845|0.000051,True
n545,545,15,569.39,234.87,1.55584965427258,15,True,15|28|2,0.999836|0.000035|0.000030,True
n545,545,15,569.39,234.87,0.951141111282225,15,True,15|28|2,0.998739|0.000847|0.000076,True
n545,545,15,569.39,234.87,2.106881913025,15,True,15|2|28,0.999767|0.000040|0.000028,True
n545,545,15,569.39,234.87,0.520989006875282,15,True,15|28|2,0.998958|0.000362|0.000213,True
n545,545,15,569.39,234.87,2.10057649792696,15,True,15|2|28,0.999765|0.000057|0.000035,True
n545,545,15,569.39,234.87,1.12469203579207,15,True,15|28|2,0.999812|0.000040|0.000036,True
n545,545,15,569.39,234.87,1.69306704219097,15,True,15|2|28,0.999832|0.000035|0.000032,True
n545,545,15,569.39,234.87,1.40107476186569,15,True,15|2|28,0.999636|0.000089|0.000043,True
n545,545,15,569.39,234.87,1.16663372980896,15,True,15|28|2,0.999547|0.000266|0.000040,True
n545,545,15,569.39,234.87,0.810665831900913,15,True,15|28|2,0.999006|0.000425|0.000277,True
n545,545,15,569.39,234.87,0.83638001732325,15,True,15|28|12,0.999288|0.000199|0.000087,True
n545,545,15,569.39,234.87,2.03626170869191,15,True,15|2|28,0.999823|0.000043|0.000026,True
n545,545,15,569.39,234.87,0.398965883373981,15,True,15|28|2,0.992811|0.003525|0.002742,True
n545,545,15,569.39,234.87,1.47725884212354,15,True,15|28|2,0.999831|0.000051|0.000032,True
n545,545,15,569.39,234.87,1.21748192698183,15,True,15|28|2,0.999357|0.000201|0.000137,True
n545,545,15,569.39,234.87,0.527592376408038,15,True,15|2|28,0.999194|0.000450|0.000118,True
n554,554,16,776.63,362.23,0.997502747880409,16,True,16|15|12,0.999633|0.000246|0.000034,True
n554,554,16,776.63,362.23,2.01823545746143,16,True,16|15|12,0.999257|0.000552|0.000090,True
n554,554,16,776.63,362.23,1.91134197626612,16,True,16|15|12,0.999134|0.000660|0.000082,True
n554,554,16,776.63,362.23,1.6263442249139,16,True,16|12|15,0.999452|0.000269|0.000160,True
n554,554,16,776.63,362.23,1.04204621547357,16,True,16|2|11,0.999462|0.000158|0.000138,True
n554,554,16,776.63,362.23,2.05164548159962,16,True,16|15|12,0.999694|0.000171|0.000041,True
n554,554,16,776.63,362.23,1.36471268863839,16,True,16|15|2,0.999158|0.000682|0.000060,True
n554,554,16,776.63,362.23,0.447082489840969,16,True,16|11|2,0.989841|0.005759|0.002723,True
n554,554,16,776.63,362.23,1.58892638068089,16,True,16|15|2,0.998755|0.000892|0.000114,True
n554,554,16,776.63,362.23,1.30435075162559,16,True,16|15|2,0.999175|0.000323|0.000195,True
n554,554,16,776.63,362.23,0.657936582176157,16,True,16|15|11,0.798525|0.198583|0.001148,True
n554,554,16,776.63,362.23,0.508778541568412,16,True,16|15|2,0.993938|0.002611|0.001753,True
n554,554,16,776.63,362.23,1.8295134372453,16,True,16|15|12,0.999347|0.000481|0.000071,True
n554,554,16,776.63,362.23,0.484496730956093,16,True,16|2|8,0.994012|0.002937|0.000696,True
n554,554,16,776.63,362.23,1.26852516977205,16,True,16|15|12,0.996922|0.002103|0.000427,True
n554,554,16,776.63,362.23,0.976027251436783,16,True,16|15|2,0.998231|0.000591|0.000436,True
n554,554,16,776.63,362.23,1.56377496333595,16,True,16|15|12,0.997649|0.002138|0.000049,True
n554,554,16,776.63,362.23,0.86063317492664,16,True,16|15|12,0.998217|0.001318|0.000305,True
n554,554,16,776.63,362.23,1.89269611843494,16,True,16|15|12,0.999627|0.000230|0.000044,True
n554,554,16,776.63,362.23,0.892045387929726,16,True,16|15|2,0.999733|0.000115|0.000072,True
n560,560,16,821.61,356.01,1.53016337890781,16,True,16|12|11,0.999924|0.000046|0.000012,True
n560,560,16,821.61,356.01,1.32512003083071,16,True,16|12|11,0.999308|0.000601|0.000044,True
n560,560,16,821.61,356.01,1.36312254878206,16,True,16|12|11,0.999695|0.000205|0.000040,True
n560,560,16,821.61,356.01,1.58202210148006,16,True,16|12|27,0.999876|0.000085|0.000013,True
n560,560,16,821.61,356.01,1.19797736554092,16,True,16|12|11,0.999845|0.000098|0.000037,True
n560,560,16,821.61,356.01,1.36980378424867,16,True,16|11|12,0.999937|0.000029|0.000014,True
n560,560,16,821.61,356.01,0.466601060126239,16,True,16|11|12,0.997274|0.001219|0.001142,True
n560,560,16,821.61,356.01,1.04643875842582,16,True,16|11|2,0.999949|0.000020|0.000012,True
n560,560,16,821.61,356.01,0.504964229946602,16,True,16|11|12,0.960160|0.035461|0.002312,True
n560,560,16,821.61,356.01,2.1144956441804,16,True,16|12|11,0.999914|0.000033|0.000025,True
n560,560,16,821.61,356.01,1.69785178508301,16,True,16|12|11,0.999881|0.000049|0.000049,True
n560,560,16,821.61,356.01,0.454993747149175,16,True,16|11|27,0.943239|0.055265|0.000363,True
n560,560,16,821.61,356.01,1.44447898739783,16,True,16|11|12,0.999818|0.000060|0.000057,True
n560,560,16,821.61,356.01,0.546957535160031,16,True,16|12|11,0.999380|0.000443|0.000099,True
n560,560,16,821.61,356.01,0.85330376557913,16,True,16|11|12,0.999915|0.000023|0.000019,True
n560,560,16,821.61,356.01,0.813277620360227,16,True,16|12|11,0.999848|0.000070|0.000039,True
n560,560,16,821.61,356.01,1.11185170325685,16,True,16|2|11,0.999947|0.000014|0.000010,True
n560,560,16,821.61,356.01,1.32220002321546,16,True,16|12|11,0.999608|0.000227|0.000109,True
n560,560,16,821.61,356.01,0.725986953486182,16,True,16|11|2,0.999049|0.000483|0.000281,True
n560,560,16,821.61,356.01,1.60051256916459,16,True,16|12|11,0.999722|0.000214|0.000021,True
n570,570,16,910.75,437.12,1.39441611378038,16,True,16|11|27,0.999866|0.000061|0.000054,True
n570,570,16,910.75,437.12,1.840280040937,16,True,16|27|11,0.999872|0.000048|0.000042,True
n570,570,16,910.75,437.12,1.0525838670561,16,True,16|11|27,0.999275|0.000533|0.000094,True
n570,570,16,910.75,437.12,0.524181347177184,16,True,16|11|12,0.991401|0.005417|0.001889,True
n570,570,16,910.75,437.12,1.1485436807039,16,True,16|27|11,0.999832|0.000066|0.000059,True
n570,570,16,910.75,437.12,1.29267575403934,16,True,16|27|11,0.996980|0.002552|0.000364,True
n570,570,16,910.75,437.12,1.30208477468035,16,True,16|11|27,0.999328|0.000418|0.000175,True
n570,570,16,910.75,437.12,1.74766612231634,16,True,16|27|12,0.999822|0.000070|0.000054,True
n570,570,16,910.75,437.12,0.528986351025842,16,True,16|11|12,0.995927|0.001990|0.001218,True
n570,570,16,910.75,437.12,1.5136289246801,16,True,16|11|27,0.999417|0.000465|0.000094,True
n570,570,16,910.75,437.12,2.11890587447501,16,True,16|11|27,0.999891|0.000049|0.000038,True
n570,570,16,910.75,437.12,1.56114949746008,16,True,16|11|27,0.999855|0.000069|0.000056,True
n570,570,16,910.75,437.12,0.949177611235039,16,True,16|11|12,0.999362|0.000330|0.000251,True
n570,570,16,910.75,437.12,0.487173985819328,16,True,16|12|11,0.963385|0.017551|0.012403,True
n570,570,16,910.75,437.12,0.966923155101475,16,True,16|11|27,0.999467|0.000311|0.000166,True
n570,570,16,910.75,437.12,0.738266977135025,16,True,16|12|11,0.999032|0.000405|0.000387,True
n570,570,16,910.75,437.12,1.09251020094781,16,True,16|11|12,0.999369|0.000378|0.000099,True
n570,570,16,910.75,437.12,2.12174594053583,16,True,16|27|12,0.999833|0.000066|0.000054,True
n570,570,16,910.75,437.12,0.69758549661684,16,True,16|27|11,0.998410|0.001040|0.000434,True
n570,570,16,910.75,437.12,1.43775570722605,16,True,16|27|11,0.999798|0.000088|0.000069,True
n577,577,11,1054.81,679.14,0.513911140766005,11,True,11|27|12,0.827649|0.140779|0.015553,True
n577,577,11,1054.81,679.14,0.54719322755499,11,True,11|27|8,0.948814|0.045405|0.004200,True
n577,577,11,1054.81,679.14,0.55533941348358,11,True,11|27|8,0.951977|0.040731|0.004768,True
n577,577,11,1054.81,679.14,2.20149037924062,11,True,11|27|8,0.994241|0.003909|0.000695,True
n577,577,11,1054.81,679.14,0.803715680856866,11,True,11|8|12,0.990362|0.003207|0.002422,True
n577,577,11,1054.81,679.14,0.836125043251607,11,True,11|17|27,0.986467|0.006113|0.004709,True
n577,577,11,1054.81,679.14,1.14123123230084,11,True,11|8|27,0.995250|0.002033|0.001734,True
n577,577,11,1054.81,679.14,0.513923446975271,11,True,11|12|27,0.868119|0.115954|0.011550,True
n577,577,11,1054.81,679.14,1.11304110535703,11,True,11|27|8,0.939314|0.056267|0.002199,True
n577,577,11,1054.81,679.14,1.53370529341377,11,True,11|27|8,0.995724|0.003008|0.000499,True
n577,577,11,1054.81,679.14,0.731032495453166,11,True,11|12|8,0.983797|0.007610|0.005392,True
n577,577,11,1054.81,679.14,1.36017996807306,11,True,11|27|8,0.992943|0.005328|0.000916,True
n577,577,11,1054.81,679.14,1.18894608833951,11,True,11|12|8,0.994410|0.002842|0.001627,True
n577,577,11,1054.81,679.14,0.641863879117105,11,True,11|27|16,0.989752|0.007571|0.000678,True
n577,577,11,1054.81,679.14,0.969390771860434,11,True,11|27|16,0.997953|0.000869|0.000444,True
n577,577,11,1054.81,679.14,1.44220834263442,11,True,11|27|16,0.995891|0.002876|0.000323,True
n577,577,11,1054.81,679.14,1.53967553274119,11,True,11|27|8,0.992284|0.005467|0.000586,True
n577,577,11,1054.81,679.14,1.64393255820748,11,True,11|27|8,0.991096|0.007604|0.000648,True
n577,577,11,1054.81,679.14,0.547360565103088,11,True,11|12|8,0.990042|0.003580|0.001841,True
n577,577,11,1054.81,679.14,0.507191123143421,11,True,11|16|8,0.797710|0.121042|0.028549,True
n578,578,11,1099.42,725.23,1.32671333659683,11,True,11|8|12,0.998182|0.001143|0.000177,True
n578,578,11,1099.42,725.23,0.807407427295653,11,True,11|17|12,0.991471|0.004058|0.002542,True
n578,578,11,1099.42,725.23,1.70842314751472,11,True,11|8|12,0.999266|0.000167|0.000116,True
n578,578,11,1099.42,725.23,1.88793054222556,11,True,11|27|17,0.993548|0.002125|0.001339,True
n578,578,11,1099.42,725.23,0.532957393396165,11,True,11|17|12,0.988286|0.007759|0.000816,True
n578,578,11,1099.42,725.23,1.06350803923043,11,True,11|8|27,0.922224|0.053615|0.020382,True
n578,578,11,1099.42,725.23,0.566334234736178,11,True,11|12|8,0.776142|0.201650|0.006738,True
n578,578,11,1099.42,725.23,0.807697506870428,11,True,11|27|12,0.971200|0.014281|0.009323,True
n578,578,11,1099.42,725.23,0.497463319845766,11,True,11|27|12,0.905207|0.057399|0.023729,True
n578,578,11,1099.42,725.23,2.04133423857066,11,True,11|8|27,0.997340|0.001072|0.000742,True
n578,578,11,1099.42,725.23,0.475108545490441,11,True,11|12|5,0.923745|0.025827|0.017401,True
n578,578,11,1099.42,725.23,2.17256968958894,11,True,11|17|27,0.981573|0.013477|0.002366,True
n578,578,11,1099.42,725.23,1.48347743976644,11,True,11|8|17,0.972563|0.019380|0.003562,True
n578,578,11,1099.42,725.23,2.19441270637247,11,True,11|27|17,0.998386|0.000707|0.000214,True
n578,578,11,1099.42,725.23,0.521883906799471,11,True,11|27|16,0.754710|0.214261|0.016278,True
n578,578,11,1099.42,725.23,1.54144620984392,11,True,11|8|27,0.979111|0.007592|0.007408,True
n578,578,11,1099.42,725.23,1.0939694106897,11,True,11|8|17,0.983185|0.008627|0.004042,True
n578,578,11,1099.42,725.23,1.25329862174869,11,True,11|17|8,0.997795|0.000724|0.000702,True
n578,578,11,1099.42,725.23,0.516512418233585,11,True,11|27|8,0.952679|0.017794|0.014908,True
n578,578,11,1099.42,725.23,0.750677066493412,11,True,11|12|7,0.986167|0.010990|0.000882,True
n582,582,16,1020.63,351.38,0.532271224592912,16,True,16|11|27,0.984340|0.007340|0.005779,True
n582,582,16,1020.63,351.38,0.50423646003642,11,False,11|16|12,0.485461|0.338029|0.090780,True
n582,582,16,1020.63,351.38,0.924414997299727,16,True,16|27|11,0.996428|0.002162|0.001074,True
n582,582,16,1020.63,351.38,0.435437129340149,16,True,16|11|27,0.912222|0.045335|0.039813,True
n582,582,16,1020.63,351.38,0.514098594639151,16,True,16|27|11,0.975450|0.017851|0.003121,True
n582,582,16,1020.63,351.38,0.788454403991173,16,True,16|27|11,0.823197|0.170270|0.002999,True
n582,582,16,1020.63,351.38,0.808282972223633,16,True,16|11|27,0.899926|0.079549|0.007911,True
n582,582,16,1020.63,351.38,0.682307497758275,16,True,16|27|11,0.971909|0.016100|0.009845,True
n582,582,16,1020.63,351.38,1.62688327668981,16,True,16|27|11,0.996994|0.001752|0.001126,True
n582,582,16,1020.63,351.38,1.07657695272466,16,True,16|27|11,0.968156|0.024946|0.006261,True
n582,582,16,1020.63,351.38,1.12586344600223,16,True,16|11|27,0.982337|0.010211|0.006028,True
n582,582,16,1020.63,351.38,0.801090343475049,16,True,16|11|27,0.997535|0.001594|0.000609,True
n582,582,16,1020.63,351.38,1.03225020036756,16,True,16|11|27,0.996789|0.002236|0.000871,True
n582,582,16,1020.63,351.38,1.34837178102993,16,True,16|27|11,0.988873|0.009718|0.001150,True
n582,582,16,1020.63,351.38,1.40631223887695,16,True,16|11|27,0.995374|0.002982|0.001529,True
n582,582,16,1020.63,351.38,1.00831079488344,16,True,16|27|11,0.999443|0.000395|0.000100,True
n582,582,16,1020.63,351.38,0.440072622793689,16,True,16|11|27,0.595311|0.343367|0.034745,True
n582,582,16,1020.63,351.38,0.489931087273015,16,True,16|11|12,0.935422|0.039145|0.009793,True
n582,582,16,1020.63,351.38,1.56608438295555,16,True,16|27|11,0.993945|0.005371|0.000525,True
n582,582,16,1020.63,351.38,0.971238513871842,16,True,16|27|11,0.996627|0.002620|0.000477,True
n584,584,17,1302.89,698.44,1.77721773457098,11,False,11|17|8,0.787555|0.195022|0.014977,True
n584,584,17,1302.89,698.44,0.722873727070721,17,True,17|11|8,0.475523|0.472397|0.042157,True
n584,584,17,1302.89,698.44,1.43520596619183,11,False,11|17|8,0.920618|0.038886|0.036696,True
n584,584,17,1302.89,698.44,0.505189377778789,11,False,11|12|8,0.857158|0.078036|0.030103,False
n584,584,17,1302.89,698.44,1.21441247974813,17,True,17|11|8,0.762908|0.230023|0.005312,True
n584,584,17,1302.89,698.44,1.26796288757316,17,True,17|11|8,0.754287|0.223012|0.019454,True
n584,584,17,1302.89,698.44,2.31789559270495,17,True,17|11|8,0.669334|0.252113|0.076999,True
n584,584,17,1302.89,698.44,0.50738944229679,17,True,17|11|8,0.985893|0.009102|0.003561,True
n584,584,17,1302.89,698.44,1.2004921631827,17,True,17|11|8,0.513857|0.412497|0.067005,True
n584,584,17,1302.89,698.44,1.38783718472985,11,False,11|17|8,0.671156|0.258220|0.068735,True
n584,584,17,1302.89,698.44,1.00781478000202,11,False,11|17|8,0.502888|0.445813|0.048550,True
n584,584,17,1302.89,698.44,0.73479752027229,11,False,11|17|5,0.991041|0.003359|0.003225,True
n584,584,17,1302.89,698.44,1.37699501089267,17,True,17|11|8,0.895440|0.084186|0.018460,True
n584,584,17,1302.89,698.44,1.48060660243618,11,False,11|17|8,0.821060|0.133473|0.043554,True
n584,584,17,1302.89,698.44,1.00180049589597,11,False,11|17|5,0.631892|0.363857|0.002477,True
n584,584,17,1302.89,698.44,1.06196217198157,11,False,11|17|8,0.798617|0.164927|0.031474,True
n584,584,17,1302.89,698.44,0.75333927834048,11,False,11|17|8,0.904475|0.064956|0.025928,True
n584,584,17,1302.89,698.44,0.513985193981701,11,False,11|27|17,0.538544|0.170824|0.117319,True
n584,584,17,1302.89,698.44,1.02230494264712,11,False,11|8|17,0.932477|0.049664|0.007621,True
n584,584,17,1302.89,698.44,0.575970257300832,11,False,11|5|7,0.923811|0.022006|0.020299,False
n585,585,17,1348.76,700.57,1.08217861380744,17,True,17|11|8,0.650168|0.296812|0.048731,True
n585,585,17,1348.76,700.57,0.491695698825549,11,False,11|17|8,0.691854|0.150250|0.104462,True
n585,585,17,1348.76,700.57,1.47880219570392,17,True,17|11|8,0.845649|0.105352|0.045097,True
n585,585,17,1348.76,700.57,1.2286811002898,11,False,11|17|8,0.567431|0.411118|0.013961,True
n585,585,17,1348.76,700.57,1.52715020702199,17,True,17|8|11,0.861473|0.112168|0.024222,True
n585,585,17,1348.76,700.57,0.521808021963038,17,True,17|8|11,0.661671|0.153470|0.096890,True
n585,585,17,1348.76,700.57,0.985914728550288,11,False,11|17|8,0.869006|0.119172|0.005526,True
n585,585,17,1348.76,700.57,0.646299632563618,11,False,11|8|17,0.975813|0.015295|0.002513,True
n585,585,17,1348.76,700.57,1.78260427788319,17,True,17|11|8,0.956072|0.038344|0.005215,True
n585,585,17,1348.76,700.57,0.779977150012495,17,True,17|11|8,0.726835|0.225768|0.042086,True
n585,585,17,1348.76,700.57,0.466504212743422,11,False,11|7|27,0.826089|0.045290|0.041559,False
n585,585,17,1348.76,700.57,0.556924336817177,11,False,11|27|8,0.949769|0.019942|0.016031,False
n585,585,17,1348.76,700.57,0.943769165491474,11,False,11|17|8,0.621753|0.370771|0.003877,True
n585,585,17,1348.76,700.57,0.795050024594241,11,False,11|17|8,0.577832|0.247429|0.157436,True
n585,585,17,1348.76,700.57,0.521357375978544,11,False,11|5|17,0.869178|0.078541|0.038088,True
n585,585,17,1348.76,700.57,0.896230102607766,5,False,5|11|8,0.534468|0.209778|0.106806,False
n585,585,17,1348.76,700.57,0.470379298419617,11,False,11|8|17,0.810612|0.086254|0.039356,True
n585,585,17,1348.76,700.57,1.44047031352581,11,False,11|17|8,0.599834|0.375835|0.015534,True
n585,585,17,1348.76,700.57,1.27950390595918,17,True,17|8|11,0.980956|0.013116|0.005580,True
n585,585,17,1348.76,700.57,1.38970075133384,17,True,17|11|8,0.763205|0.203415|0.026707,True
n588,588,11,1137.02,532.09,0.520035004365329,27,False,27|11|8,0.915972|0.048373|0.029098,True
n588,588,11,1137.02,532.09,0.710539347652043,11,True,11|27|12,0.941871|0.023974|0.021612,True
n588,588,11,1137.02,532.09,0.490890853085315,8,False,8|27|11,0.321315|0.295142|0.216507,True
n588,588,11,1137.02,532.09,1.06139956479417,11,True,11|27|8,0.914537|0.078184|0.006138,True
n588,588,11,1137.02,532.09,0.513630218773617,11,True,11|27|8,0.540785|0.340765|0.090553,True
n588,588,11,1137.02,532.09,0.444684515568755,27,False,27|11|8,0.592557|0.184359|0.180069,True
n588,588,11,1137.02,532.09,1.48822552419053,11,True,11|27|8,0.978262|0.016064|0.004006,True
n588,588,11,1137.02,532.09,0.437495236650062,11,True,11|27|8,0.933599|0.047747|0.007226,True
n588,588,11,1137.02,532.09,1.25679932472382,11,True,11|27|8,0.795553|0.118695|0.079343,True
n588,588,11,1137.02,532.09,1.71731807370204,11,True,11|27|16,0.901037|0.095552|0.001332,True
n588,588,11,1137.02,532.09,0.756041454716594,11,True,11|27|8,0.789357|0.194708|0.013184,True
n588,588,11,1137.02,532.09,0.981645529470288,11,True,11|27|16,0.602126|0.253322|0.135374,True
n588,588,11,1137.02,532.09,1.98694660150959,11,True,11|27|8,0.903444|0.093338|0.002483,True
n588,588,11,1137.02,532.09,2.24496606456583,27,False,27|11|8,0.675891|0.319074|0.001729,True
n588,588,11,1137.02,532.09,1.43419031713894,11,True,11|27|8,0.968227|0.021639|0.008626,True
n588,588,11,1137.02,532.09,1.3149144581221,11,True,11|27|8,0.988647|0.005367|0.004849,True
n588,588,11,1137.02,532.09,1.04075215818886,27,False,27|11|8,0.506683|0.484669|0.004637,True
n588,588,11,1137.02,532.09,0.81954202557805,11,True,11|27|8,0.846074|0.095106|0.050841,True
n588,588,11,1137.02,532.09,0.826507350703181,27,False,27|11|8,0.569263|0.375090|0.045511,True
n588,588,11,1137.02,532.09,1.53245170914593,11,True,11|27|8,0.871542|0.101651|0.023101,True
n593,593,27,1189.67,480.69,1.03077125505718,27,True,27|11|8,0.741487|0.161839|0.092925,True
n593,593,27,1189.67,480.69,0.563315391183686,8,False,8|11|27,0.439014|0.308739|0.206911,True
n593,593,27,1189.67,480.69,1.15584466354513,27,True,27|11|8,0.781692|0.108822|0.102783,True
n593,593,27,1189.67,480.69,1.00348848558846,27,True,27|8|11,0.553427|0.224625|0.211298,True
n593,593,27,1189.67,480.69,0.434080225747871,27,True,27|11|16,0.773466|0.103582|0.066961,True
n593,593,27,1189.67,480.69,1.40885825234763,11,False,11|27|8,0.835102|0.091157|0.070698,True
n593,593,27,1189.67,480.69,0.888622639570549,11,False,11|27|8,0.672812|0.300206|0.016218,True
n593,593,27,1189.67,480.69,0.784713540298731,16,False,16|11|27,0.569331|0.203796|0.183071,True
n593,593,27,1189.67,480.69,1.48244223349538,11,False,11|8|27,0.861264|0.085580|0.050070,True
n593,593,27,1189.67,480.69,0.836535838827174,27,True,27|11|8,0.488941|0.265252|0.230985,True
n593,593,27,1189.67,480.69,0.751349661241362,27,True,27|8|11,0.625159|0.254911|0.103808,True
n593,593,27,1189.67,480.69,0.997854496091702,11,False,11|27|8,0.894105|0.071077|0.026167,True
n593,593,27,1189.67,480.69,2.13619409956066,27,True,27|11|8,0.814906|0.172094|0.011220,True
n593,593,27,1189.67,480.69,1.74690352904386,11,False,11|27|8,0.505331|0.476856|0.016221,True
n593,593,27,1189.67,480.69,1.46545435571553,27,True,27|11|8,0.739294|0.225730|0.033444,True
n593,593,27,1189.67,480.69,1.54500666877097,11,False,11|27|8,0.914515|0.053113|0.031039,True
n593,593,27,1189.67,480.69,0.484151313553701,8,False,8|27|11,0.493567|0.440727|0.049310,True
n593,593,27,1189.67,480.69,1.95931239084663,27,True,27|11|8,0.554885|0.401808|0.041117,True
n593,593,27,1189.67,480.69,0.83077339408317,8,False,8|27|11,0.893637|0.074801|0.016687,True
n593,593,27,1189.67,480.69,0.923967614733181,27,True,27|11|8,0.794423|0.156911|0.038241,True
n598,598,27,1348.01,574.08,1.70421177117649,8,False,8|27|11,0.721523|0.261477|0.015128,True
n598,598,27,1348.01,574.08,2.22828381585827,27,True,27|8|11,0.879376|0.116065|0.001525,True
n598,598,27,1348.01,574.08,1.48855005615527,8,False,8|27|11,0.716796|0.271643|0.008142,True
n598,598,27,1348.01,574.08,2.07936928734729,8,False,8|27|11,0.881955|0.095471|0.018041,True
n598,598,27,1348.01,574.08,0.997706605074039,8,False,8|27|11,0.835651|0.134630|0.024434,True
n598,598,27,1348.01,574.08,1.24074173409227,27,True,27|8|11,0.950318|0.043359|0.005187,True
n598,598,27,1348.01,574.08,1.44702349313097,27,True,27|11|8,0.859296|0.105426|0.032457,True
n598,598,27,1348.01,574.08,1.30616408996681,27,True,27|8|11,0.900201|0.090888|0.006691,True
n598,598,27,1348.01,574.08,0.506449906785454,8,False,8|27|11,0.409701|0.314104|0.230216,True
n598,598,27,1348.01,574.08,0.888324249916314,8,False,8|27|11,0.885023|0.079184|0.031157,True
n598,598,27,1348.01,574.08,1.97327934765717,8,False,8|27|11,0.895342|0.088867|0.011404,True
n598,598,27,1348.01,574.08,0.517377965239335,27,True,27|8|11,0.906458|0.090585|0.001346,True
n598,598,27,1348.01,574.08,0.773083824809695,27,True,27|8|11,0.667920|0.321719|0.008235,True
n598,598,27,1348.01,574.08,2.20137507039386,27,True,27|8|11,0.531380|0.460008|0.005240,True
n598,598,27,1348.01,574.08,1.36405824005596,8,False,8|27|11,0.729716|0.215647|0.051716,True
n598,598,27,1348.01,574.08,1.95215918034772,27,True,27|8|11,0.642597|0.337145|0.017964,True
n598,598,27,1348.01,574.08,1.77958962776701,8,False,8|27|11,0.806354|0.185032|0.006411,True
n598,598,27,1348.01,574.08,0.892717454164891,8,False,8|27|11,0.736991|0.222316|0.029907,True
n598,598,27,1348.01,574.08,0.720233680087495,8,False,8|27|11,0.634647|0.313408|0.044945,True
n598,598,27,1348.01,574.08,0.887718882727977,27,True,27|8|11,0.780696|0.198792|0.015756,True
n611,611,27,1282.94,499.35,1.58812186141145,27,True,27|8|11,0.954771|0.037645|0.006987,True
n611,611,27,1282.94,499.35,0.39830662767256,27,True,27|8|11,0.822729|0.142297|0.012022,True
n611,611,27,1282.94,499.35,2.21729079687761,27,True,27|8|11,0.997489|0.001698|0.000639,True
n611,611,27,1282.94,499.35,0.655155115918536,27,True,27|8|11,0.909046|0.086194|0.001862,True
n611,611,27,1282.94,499.35,0.462914497971856,27,True,27|8|11,0.843205|0.068700|0.042560,True
n611,611,27,1282.94,499.35,0.83115178364738,27,True,27|8|11,0.905413|0.090460|0.002655,True
n611,611,27,1282.94,499.35,1.27673605931582,27,True,27|8|11,0.983288|0.013189|0.003069,True
n611,611,27,1282.94,499.35,0.765797311358379,27,True,27|8|11,0.940127|0.042507|0.015706,True
n611,611,27,1282.94,499.35,0.493729707242337,27,True,27|8|11,0.690994|0.294101|0.004443,True
n611,611,27,1282.94,499.35,2.02117466435943,27,True,27|8|11,0.992469|0.007254|0.000065,True
n611,611,27,1282.94,499.35,0.92006493440565,27,True,27|8|11,0.998726|0.000681|0.000265,True
n611,611,27,1282.94,499.35,0.820634582823659,27,True,27|8|11,0.971188|0.014423|0.011360,True
n611,611,27,1282.94,499.35,1.46770706916682,27,True,27|8|11,0.899570|0.068528|0.030217,True
n611,611,27,1282.94,499.35,0.982968882468749,27,True,27|8|11,0.918028|0.071557|0.009779,True
n611,611,27,1282.94,499.35,1.97990200251684,27,True,27|8|11,0.946021|0.043103|0.006782,True
n611,611,27,1282.94,499.35,1.37376453768278,27,True,27|8|11,0.971462|0.023069|0.004888,True
n611,611,27,1282.94,499.35,0.524189676449882,27,True,27|8|11,0.956652|0.032111|0.008893,True
n611,611,27,1282.94,499.35,1.68644316004552,27,True,27|8|11,0.976505|0.020553|0.002185,True
n611,611,27,1282.94,499.35,1.62588944600211,27,True,27|8|11,0.996998|0.002737|0.000096,True
n611,611,27,1282.94,499.35,1.49789508880646,27,True,27|8|11,0.994841|0.003819|0.000764,True
n612,612,27,1329.98,513.41,0.530237921955636,27,True,27|8|12,0.904667|0.087543|0.004580,True
n612,612,27,1329.98,513.41,0.568231311448131,27,True,27|8|12,0.819169|0.157665|0.014638,True
n612,612,27,1329.98,513.41,2.00012377699904,27,True,27|8|5,0.962728|0.036270|0.000130,True
n612,612,27,1329.98,513.41,0.466142513310539,27,True,27|8|11,0.913404|0.052812|0.021943,True
n612,612,27,1329.98,513.41,0.502746761255035,27,True,27|8|11,0.518505|0.462634|0.012414,True
n612,612,27,1329.98,513.41,0.523316187531907,27,True,27|8|16,0.967710|0.026005|0.004792,True
n612,612,27,1329.98,513.41,1.59783544077511,27,True,27|8|11,0.879522|0.109836|0.006914,True
n612,612,27,1329.98,513.41,2.05609641353799,27,True,27|8|11,0.874727|0.122187|0.001623,True
n612,612,27,1329.98,513.41,0.876358181958358,27,True,27|8|11,0.995569|0.003272|0.000677,True
n612,612,27,1329.98,513.41,0.740469559726325,27,True,27|8|11,0.869578|0.104278|0.022415,True
n612,612,27,1329.98,513.41,0.469982248118164,27,True,27|8|11,0.772523|0.214826|0.004907,True
n612,612,27,1329.98,513.41,1.16424168276222,27,True,27|8|11,0.795516|0.166720|0.035300,True
n612,612,27,1329.98,513.41,2.08988633555768,27,True,27|8|11,0.951447|0.047501|0.000465,True
n612,612,27,1329.98,513.41,1.33782287333711,27,True,27|8|11,0.848219|0.146440|0.004110,True
n612,612,27,1329.98,513.41,1.58318516769819,27,True,27|8|11,0.895059|0.103164|0.000365,True
n612,612,27,1329.98,513.41,1.32633943425363,27,True,27|8|11,0.989018|0.007517|0.002985,True
n612,612,27,1329.98,513.41,0.940352078925796,27,True,27|8|11,0.503184|0.430538|0.059946,True
n612,612,27,1329.98,513.41,1.78905858867995,27,True,27|8|17,0.786900|0.211826|0.000244,True
n612,612,27,1329.98,513.41,1.48407715122915,27,True,27|8|11,0.904257|0.091185|0.003385,True
n612,612,27,1329.98,513.41,0.917913900606452,27,True,27|8|11,0.796396|0.196733|0.004818,True
n615,615,27,1400.09,519.86,1.16483968840762,27,True,27|8|11,0.890349|0.093318|0.013362,True
n615,615,27,1400.09,519.86,0.460902229295265,8,False,8|27|11,0.522774|0.186767|0.139048,True
n615,615,27,1400.09,519.86,2.10447475606371,27,True,27|8|11,0.853244|0.144834|0.000468,True
n615,615,27,1400.09,519.86,0.528510428068252,27,True,27|8|11,0.929071|0.058994|0.006076,True
n615,615,27,1400.09,519.86,2.13719249274839,27,True,27|8|11,0.977476|0.021412|0.000392,True
n615,615,27,1400.09,519.86,0.89979074743709,27,True,27|8|11,0.852972|0.123151|0.015920,True
n615,615,27,1400.09,519.86,0.476228396191349,8,False,8|27|16,0.518721|0.394904|0.040277,True
n615,615,27,1400.09,519.86,0.486959554942736,27,True,27|8|11,0.657320|0.315290|0.021975,True
n615,615,27,1400.09,519.86,2.07523659783901,8,False,8|27|11,0.616668|0.367740|0.009430,True
n615,615,27,1400.09,519.86,1.01427443271788,8,False,8|27|11,0.863543|0.128962|0.004645,True
n615,615,27,1400.09,519.86,1.64161505136903,8,False,8|27|11,0.573332|0.330089|0.091742,True
n615,615,27,1400.09,519.86,0.834653108006483,8,False,8|27|11,0.780492|0.177494|0.039971,True
n615,615,27,1400.09,519.86,1.05931806084529,27,True,27|8|11,0.969262|0.024348|0.005247,True
n615,615,27,1400.09,519.86,1.32959894696073,8,False,8|27|11,0.565871|0.426665|0.005417,True
n615,615,27,1400.09,519.86,0.990586019112406,27,True,27|8|12,0.555904|0.436868|0.001553,True
n615,615,27,1400.09,519.86,0.668915737209526,11,False,11|8|27,0.636563|0.310247|0.042668,True
n615,615,27,1400.09,519.86,1.22307708010592,8,False,8|27|11,0.649806|0.331407|0.016225,True
n615,615,27,1400.09,519.86,1.85613567866146,27,True,27|8|11,0.986144|0.009601|0.003556,True
n615,615,27,1400.09,519.86,1.2753474889742,27,True,27|8|11,0.828104|0.168118|0.002562,True
n615,615,27,1400.09,519.86,1.90114953359663,27,True,27|8|11,0.598664|0.374061|0.024075,True
n623,623,8,1674.79,646.09,1.00022210249646,23,False,23|8|3,0.511090|0.481724|0.005555,True
n623,623,8,1674.79,646.09,0.529225340513802,23,False,23|8|3,0.607682|0.352656|0.019970,True
n623,623,8,1674.79,646.09,0.980369443421748,23,False,23|8|3,0.574984|0.421194|0.002111,True
n623,623,8,1674.79,646.09,0.458459200524345,23,False,23|3|8,0.841933|0.078996|0.067723,True
n623,623,8,1674.79,646.09,1.31362167759046,23,False,23|8|3,0.695691|0.293241|0.007295,True
n623,623,8,1674.79,646.09,1.52014472512423,23,False,23|8|3,0.561685|0.431564|0.003646,True
n623,623,8,1674.79,646.09,1.2704038121159,8,True,8|23|3,0.661517|0.315058|0.013860,True
n623,623,8,1674.79,646.09,0.716007188913718,3,False,3|8|23,0.614862|0.191966|0.191566,True
n623,623,8,1674.79,646.09,1.47804226256513,23,False,23|8|17,0.699063|0.300055|0.000143,True
n623,623,8,1674.79,646.09,2.11858174667662,23,False,23|8|3,0.564132|0.430447|0.002589,True
n623,623,8,1674.79,646.09,0.497439516079496,23,False,23|8|3,0.587808|0.401355|0.005663,True
n623,623,8,1674.79,646.09,0.5242019966548,23,False,23|3|8,0.576048|0.211427|0.206431,True
n623,623,8,1674.79,646.09,0.461956054794959,23,False,23|3|8,0.804727|0.104981|0.084124,True
n623,623,8,1674.79,646.09,1.20895862749357,23,False,23|8|3,0.744647|0.249232|0.003981,True
n623,623,8,1674.79,646.09,1.29245751919245,23,False,23|8|3,0.572846|0.424127|0.000711,True
n623,623,8,1674.79,646.09,1.12773529610842,8,True,8|23|17,0.515193|0.481655|0.000637,True
n623,623,8,1674.79,646.09,1.6332194518996,8,True,8|23|3,0.779591|0.216521|0.001894,True
n623,623,8,1674.79,646.09,0.699316036331825,23,False,23|8|3,0.725681|0.263771|0.008743,True
n623,623,8,1674.79,646.09,1.61824142069166,23,False,23|8|3,0.873436|0.123088|0.001407,True
n623,623,8,1674.79,646.09,0.73804676040502,8,True,8|23|3,0.577684|0.418663|0.001718,True
n624,624,8,1597.52,514.45,0.552939850870932,23,False,23|8|3,0.908704|0.086076|0.001394,True
n624,624,8,1597.52,514.45,1.50652043830878,23,False,23|8|3,0.829649|0.162240|0.007415,True
n624,624,8,1597.52,514.45,0.779119183333144,23,False,23|8|3,0.804731|0.189976|0.001724,True
n624,624,8,1597.52,514.45,1.23062651900224,23,False,23|8|3,0.865451|0.133711|0.000186,True
n624,624,8,1597.52,514.45,1.82640812934971,23,False,23|8|3,0.884849|0.111483|0.001156,True
n624,624,8,1597.52,514.45,1.12821447721719,23,False,23|8|3,0.854802|0.139665|0.002990,True
n624,624,8,1597.52,514.45,0.540269964080619,23,False,23|8|17,0.739165|0.244151|0.009158,True
n624,624,8,1597.52,514.45,0.842648918416582,23,False,23|8|24,0.805471|0.193321|0.000218,True
n624,624,8,1597.52,514.45,0.680271697143556,8,True,8|23|24,0.791494|0.205810|0.000432,True
n624,624,8,1597.52,514.45,1.31599786281761,23,False,23|8|3,0.723076|0.275905|0.000136,True
n624,624,8,1597.52,514.45,1.45075549453961,23,False,23|8|3,0.860045|0.138746|0.000513,True
n624,624,8,1597.52,514.45,0.790624253233026,8,True,8|23|3,0.592824|0.390100|0.013097,True
n624,624,8,1597.52,514.45,0.72432963200446,23,False,23|8|3,0.969502|0.022560|0.004661,True
n624,624,8,1597.52,514.45,2.06910094180581,23,False,23|8|3,0.731411|0.266525|0.000772,True
n624,624,8,1597.52,514.45,0.834494730910897,23,False,23|8|3,0.589228|0.399862|0.009381,True
n624,624,8,1597.52,514.45,0.474321566876843,23,False,23|8|3,0.688670|0.296165|0.004085,True
n624,624,8,1597.52,514.45,0.462415839246068,3,False,3|23|8,0.420650|0.355448|0.203900,True
n624,624,8,1597.52,514.45,1.08078331124842,23,False,23|8|3,0.661827|0.335620|0.000991,True
n624,624,8,1597.52,514.45,0.980744003458797,23,False,23|8|3,0.806521|0.177260|0.014323,True
n624,624,8,1597.52,514.45,0.458279511935683,23,False,23|8|5,0.985610|0.010909|0.000881,True
n626,626,23,1706.96,571.61,1.89787921515717,8,False,8|23|3,0.812106|0.185139|0.001308,True
n626,626,23,1706.96,571.61,1.53267407152762,23,True,23|8|3,0.692210|0.302120|0.003024,True
n626,626,23,1706.96,571.61,1.75620588956991,8,False,8|23|3,0.583417|0.413918|0.001213,True
n626,626,23,1706.96,571.61,0.529727477251457,23,True,23|8|3,0.598969|0.346053|0.048569,True
n626,626,23,1706.96,571.61,1.33325322912185,23,True,23|8|3,0.545162|0.450998|0.001838,True
n626,626,23,1706.96,571.61,1.99838890019935,8,False,8|23|3,0.642806|0.355429|0.000366,True
n626,626,23,1706.96,571.61,1.19004069374982,8,False,8|23|3,0.529675|0.467387|0.001437,True
n626,626,23,1706.96,571.61,1.15009038279344,8,False,8|23|3,0.582639|0.416365|0.000268,True
n626,626,23,1706.96,571.61,1.50847692220517,23,True,23|8|3,0.580756|0.418256|0.000300,True
n626,626,23,1706.96,571.61,1.69747479533823,8,False,8|23|3,0.580441|0.416848|0.000882,True
n626,626,23,1706.96,571.61,1.11372958528546,8,False,8|23|3,0.697283|0.299335|0.001168,True
n626,626,23,1706.96,571.61,0.515988594845666,23,True,23|8|3,0.804412|0.173438|0.015173,True
n626,626,23,1706.96,571.61,1.46460731370326,23,True,23|8|17,0.614077|0.385208|0.000111,True
n626,626,23,1706.96,571.61,1.93599312060283,23,True,23|8|3,0.843392|0.152025|0.002607,True
n626,626,23,1706.96,571.61,0.475127962709238,23,True,23|8|3,0.844875|0.124634|0.023577,True
n626,626,23,1706.96,571.61,0.780875354579758,8,False,8|23|5,0.601958|0.392304|0.001401,True
n626,626,23,1706.96,571.61,1.302331356854,23,True,23|8|3,0.788990|0.209329|0.000340,True
n626,626,23,1706.96,571.61,0.491501751350589,8,False,8|23|3,0.577630|0.417035|0.002603,True
n626,626,23,1706.96,571.61,1.31443222066015,23,True,23|8|3,0.655281|0.343686|0.000306,True
n626,626,23,1706.96,571.61,0.805970130521799,8,False,8|23|3,0.543184|0.444204|0.005524,True
n635,635,3,1844.71,937.86,0.988404469671109,3,True,3|25|17,0.904745|0.087148|0.003970,True
n635,635,3,1844.71,937.86,1.60168942358629,3,True,3|25|23,0.619289|0.373567|0.003224,True
n635,635,3,1844.71,937.86,1.40336690768099,3,True,3|25|8,0.980929|0.016729|0.001388,True
n635,635,3,1844.71,937.86,0.529069741733929,25,False,25|3|23,0.708050|0.277766|0.007992,True
n635,635,3,1844.71,937.86,1.50246927525287,3,True,3|25|23,0.983669|0.004914|0.004839,True
n635,635,3,1844.71,937.86,1.76062202407296,3,True,3|8|25,0.989009|0.004434|0.004351,True
n635,635,3,1844.71,937.86,0.948243372856204,3,True,3|25|8,0.921126|0.068338|0.007482,True
n635,635,3,1844.71,937.86,0.49851841841789,3,True,3|25|23,0.523374|0.470259|0.003311,True
n635,635,3,1844.71,937.86,2.03362653687076,3,True,3|25|23,0.992482|0.003838|0.001874,True
n635,635,3,1844.71,937.86,1.78455599391432,3,True,3|25|23,0.999191|0.000505|0.000147,True
n635,635,3,1844.71,937.86,0.499486544139856,3,True,3|25|17,0.982392|0.011403|0.003699,True
n635,635,3,1844.71,937.86,1.15871935536665,3,True,3|25|8,0.984217|0.008432|0.004601,True
n635,635,3,1844.71,937.86,2.13935561616817,3,True,3|25|23,0.988751|0.008046|0.001274,True
n635,635,3,1844.71,937.86,1.69744183937014,3,True,3|25|8,0.942645|0.054109|0.001444,True
n635,635,3,1844.71,937.86,1.27491473953923,3,True,3|25|23,0.557719|0.434671|0.004668,True
n635,635,3,1844.71,937.86,0.402117652550092,3,True,3|25|8,0.760047|0.141537|0.057256,True
n635,635,3,1844.71,937.86,1.07751384492273,3,True,3|25|8,0.822314|0.163033|0.007068,True
n635,635,3,1844.71,937.86,0.985783904365222,3,True,3|25|8,0.976164|0.020119|0.002348,True
n635,635,3,1844.71,937.86,0.786224270347267,3,True,3|25|8,0.845629|0.138129|0.010724,True
n635,635,3,1844.71,937.86,0.763105204784342,3,True,3|25|8,0.801341|0.171723|0.015709,True
n636,636,3,1894.24,943.73,1.93381526463962,3,True,3|25|23,0.518414|0.476374|0.002116,True
n636,636,3,1894.24,943.73,1.53934590680597,25,False,25|3|8,0.833589|0.163159|0.002362,True
n636,636,3,1894.24,943.73,0.506969802889787,3,True,3|25|8,0.797818|0.164334|0.017272,True
n636,636,3,1894.24,943.73,0.446219860789968,3,True,3|25|17,0.843316|0.117565|0.012916,True
n636,636,3,1894.24,943.73,1.00902959195484,25,False,25|3|23,0.911749|0.085232|0.001817,True
n636,636,3,1894.24,943.73,1.50359001306036,3,True,3|25|8,0.768789|0.224285|0.004811,True
n636,636,3,1894.24,943.73,2.27980302680172,25,False,25|3|8,0.500686|0.491091|0.004261,True
n636,636,3,1894.24,943.73,0.97381784180325,25,False,25|3|23,0.971729|0.026864|0.000678,True
n636,636,3,1894.24,943.73,0.592407351995473,25,False,25|3|23,0.568049|0.422441|0.004641,True
n636,636,3,1894.24,943.73,1.74964315974807,25,False,25|3|23,0.565054|0.422573|0.006302,True
n636,636,3,1894.24,943.73,0.53157797685148,3,True,3|25|8,0.906706|0.049706|0.019937,True
n636,636,3,1894.24,943.73,0.532817359842816,25,False,25|3|8,0.859633|0.134064|0.004252,True
n636,636,3,1894.24,943.73,1.25415334303057,25,False,25|3|8,0.702640|0.271621|0.017428,True
n636,636,3,1894.24,943.73,1.72061916391927,25,False,25|3|23,0.925300|0.072104|0.001397,True
n636,636,3,1894.24,943.73,0.762964261588057,25,False,25|3|23,0.969661|0.028060|0.001182,True
n636,636,3,1894.24,943.73,1.00233730735263,25,False,25|3|23,0.934207|0.064189|0.001051,True
n636,636,3,1894.24,943.73,1.05454405620732,3,True,3|25|23,0.620046|0.351376|0.012041,True
n636,636,3,1894.24,943.73,1.35418658181175,3,True,3|25|23,0.803931|0.177078|0.009506,True
n636,636,3,1894.24,943.73,0.447878965820478,25,False,25|3|23,0.795224|0.070012|0.068916,True
n636,636,3,1894.24,943.73,1.44889512780476,25,False,25|3|23,0.783854|0.210383|0.003389,True
n649,649,3,1743.54,779.95,0.743557648665687,3,True,3|14|25,0.984341|0.005970|0.003729,True
n649,649,3,1743.54,779.95,1.0278832686262,3,True,3|14|8,0.998955|0.000507|0.000209,True
n649,649,3,1743.54,779.95,1.98191592965662,3,True,3|14|8,0.998579|0.001109|0.000150,True
n649,649,3,1743.54,779.95,0.754580874127936,3,True,3|14|8,0.984796|0.012274|0.001057,True
n649,649,3,1743.54,779.95,1.63567705763486,3,True,3|14|25,0.981255|0.017937|0.000274,True
n649,649,3,1743.54,779.95,1.07754462019233,3,True,3|14|8,0.980661|0.015642|0.001223,True
n649,649,3,1743.54,779.95,1.58807352509833,3,True,3|14|25,0.998593|0.000778|0.000331,True
n649,649,3,1743.54,779.95,1.47636899528288,3,True,3|14|8,0.992121|0.007211|0.000340,True
n649,649,3,1743.54,779.95,0.797861589709372,3,True,3|14|23,0.943013|0.055067|0.000876,True
n649,649,3,1743.54,779.95,2.18298676631037,3,True,3|14|25,0.988153|0.010618|0.000597,True
n649,649,3,1743.54,779.95,1.56588616102472,3,True,3|14|8,0.997328|0.002119|0.000207,True
n649,649,3,1743.54,779.95,1.50163398739371,3,True,3|14|8,0.996646|0.002628|0.000344,True
n649,649,3,1743.54,779.95,0.809958240389305,3,True,3|14|25,0.996935|0.001543|0.000773,True
n649,649,3,1743.54,779.95,1.06611172189371,3,True,3|14|23,0.997201|0.001720|0.000446,True
n649,649,3,1743.54,779.95,0.541389520488325,3,True,3|25|14,0.981565|0.007570|0.005947,True
n649,649,3,1743.54,779.95,0.900404722386565,3,True,3|25|14,0.903981|0.089487|0.003545,True
n649,649,3,1743.54,779.95,0.473928461372676,3,True,3|14|25,0.907062|0.065581|0.022190,True
n649,649,3,1743.54,779.95,1.16058828072675,3,True,3|25|14,0.995826|0.002763|0.000819,True
n649,649,3,1743.54,779.95,0.521583962177563,3,True,3|14|23,0.985145|0.011827|0.000936,True
n649,649,3,1743.54,779.95,1.163173502612,3,True,3|14|8,0.997100|0.002002|0.000302,True
n655,655,3,1755.94,692.12,0.68579960400238,14,False,14|3|25,0.593236|0.386301|0.007096,True
n655,655,3,1755.94,692.12,0.56149141877139,14,False,14|3|25,0.971607|0.018961|0.003329,True
n655,655,3,1755.94,692.12,2.29547936675133,3,True,3|14|25,0.740579|0.230426|0.024081,True
n655,655,3,1755.94,692.12,0.522198623771071,3,True,3|14|25,0.975424|0.021774|0.001013,True
n655,655,3,1755.94,692.12,1.43729672610085,3,True,3|14|25,0.977081|0.012230|0.009898,True
n655,655,3,1755.94,692.12,0.508046448935934,14,False,14|3|8,0.786391|0.205832|0.002362,True
n655,655,3,1755.94,692.12,1.76669510434608,3,True,3|14|25,0.967816|0.028131|0.003048,True
n655,655,3,1755.94,692.12,2.01408497973035,14,False,14|25|3,0.374668|0.310059|0.308828,True
n655,655,3,1755.94,692.12,0.980327261532877,3,True,3|14|25,0.776706|0.204962|0.016308,True
n655,655,3,1755.94,692.12,0.75610731782973,3,True,3|14|23,0.950020|0.047137|0.001070,True
n655,655,3,1755.94,692.12,1.23241954679361,3,True,3|14|25,0.941379|0.054267|0.002297,True
n655,655,3,1755.94,692.12,1.65089582016158,14,False,14|3|25,0.934988|0.060360|0.002544,True
n655,655,3,1755.94,692.12,0.805816826353432,3,True,3|14|25,0.631753|0.240237|0.122254,True
n655,655,3,1755.94,692.12,0.412131712077392,14,False,14|25|3,0.620842|0.174401|0.131555,True
n655,655,3,1755.94,692.12,0.737054644200434,3,True,3|14|25,0.839913|0.121632|0.018386,True
n655,655,3,1755.94,692.12,0.712248669599344,14,False,14|3|25,0.851850|0.131519|0.009056,True
n655,655,3,1755.94,692.12,1.50250525749471,3,True,3|14|25,0.987667|0.010633|0.001203,True
n655,655,3,1755.94,692.12,0.787459421865897,3,True,3|14|25,0.630965|0.361949|0.004300,True
n655,655,3,1755.94,692.12,1.09318632687835,3,True,3|14|25,0.533065|0.280720|0.183345,True
n655,655,3,1755.94,692.12,1.29006504562007,14,False,14|3|25,0.697622|0.296829|0.003214,True
n656,656,3,1798.11,691.81,1.88169781112582,14,False,14|3|25,0.902288|0.051324|0.037979,True
n656,656,3,1798.11,691.81,1.21199996171069,3,True,3|14|25,0.471629|0.443153|0.076188,True
n656,656,3,1798.11,691.81,0.708731766364666,3,True,3|14|23,0.971871|0.020894|0.002608,True
n656,656,3,1798.11,691.81,1.33142478376439,3,True,3|14|25,0.912163|0.076425|0.008554,True
n656,656,3,1798.11,691.81,0.524876516948528,3,True,3|14|25,0.949517|0.041666|0.003275,True
n656,656,3,1798.11,691.81,0.795637532041757,3,True,3|14|25,0.887766|0.109879|0.001042,True
n656,656,3,1798.11,691.81,0.495950940921458,14,False,14|3|23,0.507884|0.484366|0.002875,True
n656,656,3,1798.11,691.81,0.97967492621272,3,True,3|25|14,0.874601|0.117408|0.006912,True
n656,656,3,1798.11,691.81,1.1138528404248,14,False,14|3|25,0.597582|0.360461|0.030047,True
n656,656,3,1798.11,691.81,1.34211420890679,3,True,3|14|25,0.803453|0.170253|0.024700,True
n656,656,3,1798.11,691.81,0.926166449722848,3,True,3|14|25,0.950349|0.048246|0.000482,True
n656,656,3,1798.11,691.81,1.60323626653304,3,True,3|14|25,0.713755|0.281487|0.002401,True
n656,656,3,1798.11,691.81,0.838169786378581,14,False,14|3|25,0.946934|0.047397|0.002145,True
n656,656,3,1798.11,691.81,2.03811640425669,14,False,14|3|25,0.567491|0.398104|0.028087,True
n656,656,3,1798.11,691.81,0.557763445696712,3,True,3|14|25,0.643492|0.352905|0.001808,True
n656,656,3,1798.11,691.81,1.98649903342096,14,False,14|3|23,0.893110|0.103368|0.001150,True
n656,656,3,1798.11,691.81,1.30407796379223,3,True,3|14|25,0.994204|0.005064|0.000387,True
n656,656,3,1798.11,691.81,1.33527054415951,3,True,3|14|25,0.591046|0.404615|0.001903,True
n656,656,3,1798.11,691.81,1.70530420928097,3,True,3|14|25,0.819734|0.093296|0.074026,True
n656,656,3,1798.11,691.81,1.48013477720845,3,True,3|14|25,0.581594|0.294489|0.117892,True
n662,662,14,2010.38,787.87,0.529826429628545,14,True,14|25|4,0.969021|0.022623|0.002919,True
n662,662,14,2010.38,787.87,1.96694154054609,25,False,25|14|23,0.986148|0.013593|0.000124,True
n662,662,14,2010.38,787.87,1.4700871897225,25,False,25|14|23,0.869403|0.130120|0.000167,True
n662,662,14,2010.38,787.87,0.856922397667319,25,False,25|14|23,0.801322|0.197119|0.000851,True
n662,662,14,2010.38,787.87,0.472866958404834,14,True,14|25|23,0.659972|0.317943|0.013193,True
n662,662,14,2010.38,787.87,1.01525654339113,14,True,14|25|23,0.790453|0.205717|0.001961,True
n662,662,14,2010.38,787.87,0.529281346964766,25,False,25|14|23,0.803436|0.190133|0.002077,True
n662,662,14,2010.38,787.87,0.564986631567247,14,True,14|23|25,0.959851|0.022903|0.009078,True
n662,662,14,2010.38,787.87,0.921480820862818,25,False,25|14|3,0.771847|0.226083|0.000936,True
n662,662,14,2010.38,787.87,1.04821432617705,25,False,25|14|23,0.518830|0.479178|0.001030,True
n662,662,14,2010.38,787.87,1.02835003391201,25,False,25|14|23,0.763573|0.235182|0.000746,True
n662,662,14,2010.38,787.87,1.01323299930412,25,False,25|14|23,0.878968|0.119293|0.000773,True
n662,662,14,2010.38,787.87,2.14372602647044,25,False,25|14|23,0.727702|0.270925|0.000660,True
n662,662,14,2010.38,787.87,0.71914031188561,25,False,25|14|23,0.732285|0.265936|0.000915,True
n662,662,14,2010.38,787.87,0.740637674320242,25,False,25|14|23,0.578486|0.420135|0.000358,True
n662,662,14,2010.38,787.87,2.1723123146778,14,True,14|25|23,0.523450|0.475626|0.000352,True
n662,662,14,2010.38,787.87,0.528251236019068,25,False,25|14|3,0.621011|0.364868|0.006490,True
n662,662,14,2010.38,787.87,0.837266909015763,25,False,25|14|23,0.836828|0.162198|0.000649,True
n662,662,14,2010.38,787.87,1.73798508186062,25,False,25|14|23,0.951260|0.048113|0.000329,True
n662,662,14,2010.38,787.87,1.3313520967547,25,False,25|14|23,0.654528|0.340102|0.002475,True
n668,668,25,2149.97,952.42,1.82688025242356,25,True,25|3|23,0.999195|0.000353|0.000152,True
n668,668,25,2149.97,952.42,0.817259572449456,25,True,25|3|23,0.996330|0.002147|0.000591,True
n668,668,25,2149.97,952.42,0.520442776047399,25,True,25|14|23,0.996522|0.001200|0.000657,True
n668,668,25,2149.97,952.42,1.2410264526281,25,True,25|3|23,0.998909|0.000664|0.000184,True
n668,668,25,2149.97,952.42,1.0260319443439,25,True,25|21|23,0.999016|0.000279|0.000253,True
n668,668,25,2149.97,952.42,0.730840829965973,25,True,25|3|23,0.992079|0.007407|0.000179,True
n668,668,25,2149.97,952.42,1.9280532841635,25,True,25|3|23,0.999565|0.000224|0.000066,True
n668,668,25,2149.97,952.42,0.522849077268095,25,True,25|3|14,0.991172|0.002823|0.002505,True
n668,668,25,2149.97,952.42,0.461273403315573,25,True,25|23|21,0.996854|0.000876|0.000679,True
n668,668,25,2149.97,952.42,2.20885462910023,25,True,25|3|23,0.996459|0.001726|0.000950,True
n668,668,25,2149.97,952.42,1.61998456711623,25,True,25|3|8,0.999382|0.000339|0.000134,True
n668,668,25,2149.97,952.42,1.42646740627497,25,True,25|3|23,0.999529|0.000195|0.000103,True
n668,668,25,2149.97,952.42,1.76845213207271,25,True,25|23|3,0.999472|0.000207|0.000132,True
n668,668,25,2149.97,952.42,1.26774037690157,25,True,25|3|8,0.998550|0.000950|0.000239,True
n668,668,25,2149.97,952.42,1.2499765309787,25,True,25|14|3,0.999599|0.000171|0.000096,True
n668,668,25,2149.97,952.42,0.514015100346835,25,True,25|3|23,0.997428|0.001260|0.000791,True
n668,668,25,2149.97,952.42,0.773241802339039,25,True,25|14|3,0.998101|0.000933|0.000438,True
n668,668,25,2149.97,952.42,0.978771499056153,25,True,25|14|3,0.998479|0.000796|0.000447,True
n668,668,25,2149.97,952.42,1.02483974469236,25,True,25|3|14,0.998956|0.000510|0.000276,True
n668,668,25,2149.97,952.42,1.14889404120338,25,True,25|14|3,0.998707|0.000734|0.000260,True
n674,674,23,1941.47,534.52,1.4584405839978,23,True,23|14|19,0.515033|0.481409|0.002171,True
n674,674,23,1941.47,534.52,2.11757357499541,14,False,14|23|19,0.898583|0.096578|0.002496,True
n674,674,23,1941.47,534.52,1.49336669058164,14,False,14|23|19,0.907268|0.091377|0.000619,True
n674,674,23,1941.47,534.52,0.423289484498406,25,False,25|14|23,0.487776|0.256896|0.153845,True
n674,674,23,1941.47,534.52,1.80343339392293,14,False,14|23|19,0.676014|0.320862|0.001913,True
n674,674,23,1941.47,534.52,1.01559446911659,14,False,14|23|4,0.858825|0.130212|0.005999,True
n674,674,23,1941.47,534.52,1.44255339481707,4,False,4|19|14,0.844527|0.128148|0.012766,False
n674,674,23,1941.47,534.52,2.11139325709774,14,False,14|23|19,0.922877|0.073616|0.002531,True
n674,674,23,1941.47,534.52,0.491443908336518,4,False,4|19|14,0.368737|0.272171|0.143442,False
n674,674,23,1941.47,534.52,2.13440087462109,14,False,14|23|4,0.955712|0.040741|0.001588,True
n674,674,23,1941.47,534.52,1.822070406166,14,False,14|23|19,0.874808|0.121610|0.002181,True
n674,674,23,1941.47,534.52,0.48705715723346,23,True,23|14|4,0.440772|0.233770|0.226867,True
n674,674,23,1941.47,534.52,1.67932625247602,14,False,14|23|19,0.731487|0.263324|0.003474,True
n674,674,23,1941.47,534.52,0.44330468934582,4,False,4|23|14,0.616188|0.155908|0.079992,True
n674,674,23,1941.47,534.52,0.752993095115987,14,False,14|23|19,0.464275|0.456569|0.057635,True
n674,674,23,1941.47,534.52,1.30587107407639,14,False,14|23|4,0.598159|0.399716|0.001170,True
n674,674,23,1941.47,534.52,1.09020495468722,14,False,14|23|19,0.867162|0.126209|0.003521,True
n674,674,23,1941.47,534.52,1.28886180365839,14,False,14|23|4,0.914753|0.076717|0.006193,True
n674,674,23,1941.47,534.52,0.747875604037438,14,False,14|23|19,0.609692|0.317801|0.052499,True
n674,674,23,1941.47,534.52,0.925474132961247,14,False,14|23|4,0.687796|0.231626|0.064050,True
n676,676,14,1990.57,655.35,0.758797972757068,14,True,14|25|23,0.795729|0.196624|0.004918,True
n676,676,14,1990.57,655.35,1.19129943541431,14,True,14|25|23,0.940917|0.055568|0.002617,True
n676,676,14,1990.57,655.35,0.487429823929205,14,True,14|25|23,0.992344|0.004081|0.000984,True
n676,676,14,1990.57,655.35,1.38355138232307,14,True,14|23|4,0.993329|0.003437|0.001529,True
n676,676,14,1990.57,655.35,1.45213583321454,14,True,14|23|25,0.995942|0.002296|0.000764,True
n676,676,14,1990.57,655.35,0.763377857218197,14,True,14|23|25,0.990127|0.004948|0.002940,True
n676,676,14,1990.57,655.35,1.19094671634293,14,True,14|25|23,0.945440|0.051816|0.002006,True
n676,676,14,1990.57,655.35,0.427743443341555,14,True,14|25|23,0.596018|0.338720|0.026401,True
n676,676,14,1990.57,655.35,2.06902052676035,14,True,14|23|25,0.988470|0.008378|0.001624,True
n676,676,14,1990.57,655.35,0.961633590554257,14,True,14|4|23,0.982508|0.007251|0.005733,True
n676,676,14,1990.57,655.35,1.41809073894034,14,True,14|25|23,0.994363|0.004149|0.000802,True
n676,676,14,1990.57,655.35,0.486357132367436,14,True,14|4|25,0.960906|0.017385|0.010112,True
n676,676,14,1990.57,655.35,1.30544024788716,14,True,14|25|23,0.986880|0.007356|0.005078,True
n676,676,14,1990.57,655.35,2.21488582687971,14,True,14|25|23,0.992828|0.005298|0.001358,True
n676,676,14,1990.57,655.35,1.45511437905103,14,True,14|23|25,0.998471|0.000962|0.000215,True
n676,676,14,1990.57,655.35,1.41536055259868,14,True,14|23|25,0.995043|0.002630|0.001803,True
n676,676,14,1990.57,655.35,1.30707340678998,14,True,14|25|23,0.975088|0.023331|0.000855,True
n676,676,14,1990.57,655.35,1.78832026981221,14,True,14|25|23,0.987326|0.008461|0.003511,True
n676,676,14,1990.57,655.35,0.742205082860615,14,True,14|25|23,0.839646|0.145076|0.008169,True
n676,676,14,1990.57,655.35,1.20171843547037,14,True,14|25|23,0.677794|0.313005|0.004372,True
n677,677,14,2031.66,600.44,2.05779686391277,14,True,14|23|19,0.709339|0.258974|0.027422,True
n677,677,14,2031.66,600.44,1.41812967696725,14,True,14|23|25,0.991567|0.004327|0.001523,True
n677,677,14,2031.66,600.44,0.720554291525584,14,True,14|23|19,0.851732|0.116725|0.025613,True
n677,677,14,2031.66,600.44,1.0995073024668,14,True,14|23|19,0.940259|0.051521|0.003996,True
n677,677,14,2031.66,600.44,1.27509460893069,14,True,14|23|4,0.842570|0.151490|0.003422,True
n677,677,14,2031.66,600.44,1.52391502992925,14,True,14|23|19,0.933306|0.033369|0.030786,True
n677,677,14,2031.66,600.44,1.08641014671091,14,True,14|23|19,0.618822|0.377090|0.002222,True
n677,677,14,2031.66,600.44,1.2157180034973,14,True,14|23|4,0.958395|0.019876|0.016829,True
n677,677,14,2031.66,600.44,1.47048144251794,14,True,14|23|19,0.529708|0.464560|0.003152,True
n677,677,14,2031.66,600.44,1.29844040620475,14,True,14|23|19,0.948520|0.041447|0.008460,True
n677,677,14,2031.66,600.44,1.69058355218373,14,True,14|23|19,0.966958|0.016537|0.012196,True
n677,677,14,2031.66,600.44,1.92572783202268,14,True,14|23|19,0.931099|0.052340|0.013065,True
n677,677,14,2031.66,600.44,0.962962763785377,14,True,14|23|19,0.803393|0.188524|0.005484,True
n677,677,14,2031.66,600.44,1.40840499850157,14,True,14|23|19,0.948922|0.043192|0.006209,True
n677,677,14,2031.66,600.44,0.716814777854068,14,True,14|23|19,0.939467|0.038035|0.015450,True
n677,677,14,2031.66,600.44,1.39945464602163,14,True,14|23|19,0.974460|0.022367|0.002485,True
n677,677,14,2031.66,600.44,1.75553302661497,14,True,14|23|19,0.736602|0.257956|0.002853,True
n677,677,14,2031.66,600.44,0.463372804906095,19,False,19|14|4,0.749531|0.102845|0.099043,True
n677,677,14,2031.66,600.44,1.11806383309275,14,True,14|23|19,0.966203|0.024018|0.006682,True
n677,677,14,2031.66,600.44,1.14770440382692,14,True,14|23|19,0.978410|0.018322|0.001244,True
n691,691,19,2084.82,442.56,0.501006872726519,29,False,29|19|14,0.426227|0.363853|0.179076,True
n691,691,19,2084.82,442.56,1.37299226576914,19,True,19|4|23,0.846257|0.130438|0.011972,True
n691,691,19,2084.82,442.56,1.98417122787789,19,True,19|4|23,0.960085|0.019917|0.018525,True
n691,691,19,2084.82,442.56,1.29456516705501,19,True,19|23|4,0.939795|0.039197|0.016584,True
n691,691,19,2084.82,442.56,0.501341776352334,19,True,19|4|23,0.443684|0.247396|0.141056,True
n691,691,19,2084.82,442.56,1.03456822208059,19,True,19|4|23,0.992628|0.003923|0.001496,True
n691,691,19,2084.82,442.56,1.80090393995401,19,True,19|23|4,0.967058|0.021712|0.010007,True
n691,691,19,2084.82,442.56,1.97174953263179,19,True,19|23|4,0.974427|0.018997|0.005527,True
n691,691,19,2084.82,442.56,1.72972287732761,19,True,19|23|4,0.833278|0.145350|0.018800,True
n691,691,19,2084.82,442.56,1.43870320295351,19,True,19|23|4,0.892915|0.060816|0.038055,True
n691,691,19,2084.82,442.56,1.94800997791438,19,True,19|4|23,0.984498|0.009201|0.004607,True
n691,691,19,2084.82,442.56,0.980197126091621,19,True,19|4|23,0.820566|0.138941|0.032792,True
n691,691,19,2084.82,442.56,1.49499539804029,19,True,19|4|23,0.919950|0.059297|0.017006,True
n691,691,19,2084.82,442.56,1.82365988523945,19,True,19|4|23,0.784047|0.177310|0.033394,True
n691,691,19,2084.82,442.56,1.03768265729402,19,True,19|23|4,0.979141|0.013070|0.004028,True
n691,691,19,2084.82,442.56,0.578220263632007,19,True,19|14|4,0.716603|0.230463|0.027063,True
n691,691,19,2084.82,442.56,1.06725274710161,19,True,19|23|4,0.885458|0.104397|0.008055,True
n691,691,19,2084.82,442.56,0.8996026271563,19,True,19|23|29,0.699625|0.232440|0.050334,True
n691,691,19,2084.82,442.56,1.24727172105408,19,True,19|23|4,0.611382|0.261545|0.090867,True
n691,691,19,2084.82,442.56,0.540681255200836,19,True,19|23|10,0.629376|0.146322|0.125502,True
n698,698,19,2159.96,403.23,0.700983958477023,19,True,19|4|23,0.987296|0.007433|0.002952,True
n698,698,19,2159.96,403.23,1.21441984728679,19,True,19|23|4,0.960058|0.023220|0.010057,True
n698,698,19,2159.96,403.23,0.447457307537516,29,False,29|10|19,0.664150|0.107466|0.084316,True
n698,698,19,2159.96,403.23,0.500761366927471,4,False,4|29|23,0.737657|0.131739|0.056454,False
n698,698,19,2159.96,403.23,1.59639081185168,19,True,19|4|29,0.931741|0.026967|0.023507,True
n698,698,19,2159.96,403.23,0.711678977900827,29,False,29|19|23,0.613249|0.311739|0.032540,True
n698,698,19,2159.96,403.23,1.20980432007014,19,True,19|29|23,0.799691|0.155637|0.039388,True
n698,698,19,2159.96,403.23,0.721250588168115,4,False,4|19|23,0.933343|0.058657|0.003690,True
n698,698,19,2159.96,403.23,0.751244797797078,19,True,19|29|23,0.788598|0.132289|0.034647,True
n698,698,19,2159.96,403.23,1.63907301297446,19,True,19|29|23,0.936199|0.052668|0.008565,True
n698,698,19,2159.96,403.23,1.24577515146477,19,True,19|29|23,0.648756|0.239774|0.069814,True
n698,698,19,2159.96,403.23,0.55780218635338,19,True,19|23|4,0.765238|0.123219|0.071031,True
n698,698,19,2159.96,403.23,1.38232119421276,19,True,19|29|4,0.935806|0.042789|0.017209,True
n698,698,19,2159.96,403.23,0.925945140231464,19,True,19|29|4,0.685148|0.253803|0.054045,True
n698,698,19,2159.96,403.23,0.736935949547116,19,True,19|23|14,0.664155|0.280590|0.026052,True
n698,698,19,2159.96,403.23,1.01267498482507,29,False,29|19|23,0.929336|0.061943|0.006243,True
n698,698,19,2159.96,403.23,1.99256940300377,19,True,19|29|23,0.926584|0.042808|0.023866,True
n698,698,19,2159.96,403.23,1.42880499208897,19,True,19|23|4,0.834697|0.077721|0.057274,True
n698,698,19,2159.96,403.23,1.90312114681918,19,True,19|23|4,0.951863|0.019499|0.018880,True
n698,698,19,2159.96,403.23,1.61500560932394,19,True,19|23|4,0.945608|0.026416|0.020977,True
n699,699,4,2246.41,600.15,1.35450268955711,19,False,19|4|23,0.806238|0.175542|0.016392,True
n699,699,4,2246.41,600.15,2.07933332338258,19,False,19|4|14,0.849072|0.128595|0.018446,True
n699,699,4,2246.41,600.15,0.870305512109396,4,True,4|19|23,0.575790|0.376817|0.034391,True
n699,699,4,2246.41,600.15,0.997062993246252,19,False,19|4|14,0.466899|0.419440|0.092659,True
n699,699,4,2246.41,600.15,1.5725546919622,4,True,4|19|14,0.706674|0.261313|0.018183,True
n699,699,4,2246.41,600.15,1.2876562046461,4,True,4|19|23,0.953629|0.042191|0.001739,True
n699,699,4,2246.41,600.15,0.530421444701238,19,False,19|14|26,0.485342|0.367564|0.061332,False
n699,699,4,2246.41,600.15,0.522103583369851,14,False,14|19|4,0.647071|0.216959|0.124123,True
n699,699,4,2246.41,600.15,2.12729854706582,19,False,19|4|14,0.974242|0.021545|0.003004,True
n699,699,4,2246.41,600.15,0.619202918746952,19,False,19|4|14,0.853113|0.079948|0.047950,True
n699,699,4,2246.41,600.15,1.80228634724535,19,False,19|4|14,0.719733|0.266895|0.009771,True
n699,699,4,2246.41,600.15,1.23564240181071,19,False,19|4|23,0.790212|0.125734|0.064361,True
n699,699,4,2246.41,600.15,0.808232407488951,19,False,19|4|14,0.977435|0.011732|0.007050,True
n699,699,4,2246.41,600.15,1.08778360196109,19,False,19|14|4,0.622762|0.204931|0.166956,True
n699,699,4,2246.41,600.15,0.519625558005736,19,False,19|23|4,0.867769|0.061146|0.026375,True
n699,699,4,2246.41,600.15,1.0683826098952,19,False,19|4|23,0.967675|0.027550|0.003779,True
n699,699,4,2246.41,600.15,0.704800840499896,19,False,19|4|23,0.908040|0.085875|0.003600,True
n699,699,4,2246.41,600.15,2.10705960520627,19,False,19|4|14,0.966938|0.029541|0.001718,True
n699,699,4,2246.41,600.15,1.57808402301616,19,False,19|4|14,0.824578|0.151453|0.012031,True
n699,699,4,2246.41,600.15,1.16180294732019,19,False,19|14|23,0.892685|0.068040|0.023201,False
n700,700,4,2294.22,596.98,1.70109192037394,19,False,19|4|23,0.811741|0.146063|0.033335,True
n700,700,4,2294.22,596.98,0.939869537133621,19,False,19|4|29,0.919651|0.067831|0.003523,True
n700,700,4,2294.22,596.98,1.29384373090188,19,False,19|4|23,0.598779|0.395588|0.002291,True
n700,700,4,2294.22,596.98,0.550001746518955,19,False,19|23|4,0.801679|0.150196|0.016954,True
n700,700,4,2294.22,596.98,1.4004801591248,19,False,19|4|14,0.948106|0.023311|0.014319,True
n700,700,4,2294.22,596.98,0.939957950996628,19,False,19|4|23,0.638135|0.355944|0.002869,True
n700,700,4,2294.22,596.98,1.11649915908105,19,False,19|4|14,0.696789|0.283561|0.010498,True
n700,700,4,2294.22,596.98,0.952122068042557,19,False,19|4|23,0.981513|0.013683|0.001787,True
n700,700,4,2294.22,596.98,1.29342818524921,19,False,19|23|4,0.610728|0.349737|0.022183,True
n700,700,4,2294.22,596.98,1.47021194560021,19,False,19|4|14,0.931252|0.046716|0.020595,True
n700,700,4,2294.22,596.98,1.3632648298647,19,False,19|4|14,0.516196|0.447263|0.021130,True
n700,700,4,2294.22,596.98,0.755146726372981,19,False,19|4|14,0.831428|0.158263|0.005042,True
n700,700,4,2294.22,596.98,0.839780484438922,19,False,19|4|14,0.684180|0.217078|0.084184,True
n700,700,4,2294.22,596.98,0.780511947137889,19,False,19|4|14,0.717187|0.245520|0.026695,True
n700,700,4,2294.22,596.98,1.01821424849624,19,False,19|4|14,0.786930|0.191716|0.014925,True
n700,700,4,2294.22,596.98,0.782650170057578,19,False,19|4|29,0.960327|0.024299|0.006734,True
n700,700,4,2294.22,596.98,1.42879124187257,19,False,19|4|14,0.735966|0.174908|0.078514,True
n700,700,4,2294.22,596.98,1.82422044440433,19,False,19|4|23,0.802059|0.194009|0.002376,True
n700,700,4,2294.22,596.98,1.55757528477419,4,True,4|19|14,0.826591|0.124692|0.028001,True
n700,700,4,2294.22,596.98,0.773440259272831,19,False,19|4|23,0.959350|0.025431|0.010071,True
n719,719,21,2522.0,782.19,0.434204773856811,21,True,21|1|26,0.509178|0.398954|0.044692,True
n719,719,21,2522.0,782.19,2.12205498025238,21,True,21|1|4,0.617897|0.378809|0.001363,True
n719,719,21,2522.0,782.19,1.07270224108313,21,True,21|1|4,0.640329|0.356353|0.001746,True
n719,719,21,2522.0,782.19,1.35530665858438,21,True,21|1|4,0.681219|0.316326|0.000648,True
n719,719,21,2522.0,782.19,0.941150892310674,1,False,1|21|4,0.970144|0.021372|0.006328,True
n719,719,21,2522.0,782.19,0.712079508583043,1,False,1|21|4,0.976612|0.010296|0.008833,True
n719,719,21,2522.0,782.19,2.0239466198983,1,False,1|21|4,0.511187|0.485740|0.001724,True
n719,719,21,2522.0,782.19,0.968630118999911,21,True,21|1|4,0.876714|0.118111|0.001873,True
n719,719,21,2522.0,782.19,0.750485014188428,21,True,21|1|4,0.976899|0.020871|0.001008,True
n719,719,21,2522.0,782.19,1.22388064714815,1,False,1|21|4,0.944210|0.049110|0.003460,True
n719,719,21,2522.0,782.19,2.13806047282328,1,False,1|21|4,0.530393|0.461915|0.004745,True
n719,719,21,2522.0,782.19,1.19450539794953,1,False,1|21|26,0.589455|0.398930|0.004867,True
n719,719,21,2522.0,782.19,1.90454967420893,21,True,21|1|4,0.828828|0.168811|0.001310,True
n719,719,21,2522.0,782.19,1.23371119409275,1,False,1|21|4,0.699658|0.294132|0.004040,True
n719,719,21,2522.0,782.19,1.41539889336023,21,True,21|1|4,0.936830|0.062702|0.000169,True
n719,719,21,2522.0,782.19,1.26128267691193,1,False,1|21|4,0.904368|0.088262|0.004634,True
n719,719,21,2522.0,782.19,1.42403155358244,1,False,1|21|4,0.570804|0.421029|0.003457,True
n719,719,21,2522.0,782.19,1.50238820794759,21,True,21|1|4,0.513836|0.484490|0.000304,True
n719,719,21,2522.0,782.19,0.727321413074959,1,False,1|21|26,0.598725|0.381997|0.014363,True
n719,719,21,2522.0,782.19,0.514516994462003,21,True,21|1|4,0.876886|0.105098|0.011381,True
n721,721,1,2618.27,777.79,1.27805812362378,1,True,1|21|4,0.803791|0.187711|0.002986,True
n721,721,1,2618.27,777.79,0.508621695919929,1,True,1|21|26,0.817392|0.142949|0.022908,True
n721,721,1,2618.27,777.79,0.70807492857145,1,True,1|21|26,0.993224|0.002602|0.002049,True
n721,721,1,2618.27,777.79,1.34565247705984,1,True,1|21|4,0.988837|0.008231|0.001598,True
n721,721,1,2618.27,777.79,0.570425596191635,21,False,21|1|4,0.957379|0.038191|0.001811,True
n721,721,1,2618.27,777.79,0.739360924858999,1,True,1|21|26,0.992870|0.003681|0.001025,True
n721,721,1,2618.27,777.79,1.76296879335647,1,True,1|21|4,0.979228|0.019061|0.000662,True
n721,721,1,2618.27,777.79,1.59237281283348,1,True,1|21|4,0.997079|0.001467|0.000604,True
n721,721,1,2618.27,777.79,1.61411779640775,1,True,1|21|4,0.991966|0.004585|0.001261,True
n721,721,1,2618.27,777.79,2.31664831513846,1,True,1|4|21,0.998067|0.000600|0.000522,True
n721,721,1,2618.27,777.79,1.39661923070778,1,True,1|21|4,0.996586|0.002200|0.000340,True
n721,721,1,2618.27,777.79,1.34929982623879,1,True,1|21|4,0.992432|0.006819|0.000278,True
n721,721,1,2618.27,777.79,0.964717636984617,1,True,1|21|4,0.998325|0.000651|0.000331,True
n721,721,1,2618.27,777.79,0.483999664669386,1,True,1|21|4,0.950235|0.025123|0.019219,True
n721,721,1,2618.27,777.79,0.515375662405279,1,True,1|4|21,0.964284|0.017307|0.012787,True
n721,721,1,2618.27,777.79,1.02663809374999,1,True,1|21|26,0.992339|0.006292|0.000510,True
n721,721,1,2618.27,777.79,0.683557189541063,1,True,1|21|26,0.987275|0.007346|0.003447,True
n721,721,1,2618.27,777.79,1.08280170242768,1,True,1|21|26,0.959275|0.034144|0.004530,True
n721,721,1,2618.27,777.79,1.55365861122992,1,True,1|21|26,0.994564|0.003751|0.000857,True
n721,721,1,2618.27,777.79,1.68110375943386,1,True,1|21|26,0.997761|0.001088|0.000442,True
n724,724,26,2588.98,979.19,0.636379838179695,21,False,21|26|1,0.496671|0.492279|0.009029,True
n724,724,26,2588.98,979.19,1.26422647155248,21,False,21|26|1,0.680604|0.313405|0.004422,True
n724,724,26,2588.98,979.19,0.5158675897113,21,False,21|26|1,0.532776|0.337801|0.115264,True
n724,724,26,2588.98,979.19,1.85726156853329,26,True,26|21|1,0.577729|0.420314|0.001480,True
n724,724,26,2588.98,979.19,1.44060502762798,26,True,26|21|1,0.577438|0.410701|0.008966,True
n724,724,26,2588.98,979.19,0.562708998443355,21,False,21|26|1,0.714049|0.278251|0.004790,True
n724,724,26,2588.98,979.19,0.814498034138368,21,False,21|26|1,0.671765|0.321344|0.004442,True
n724,724,26,2588.98,979.19,2.23195580325022,21,False,21|1|26,0.995887|0.001627|0.000747,True
n724,724,26,2588.98,979.19,0.450006793603391,26,True,26|21|1,0.706231|0.266364|0.022678,True
n724,724,26,2588.98,979.19,0.799638163820716,21,False,21|26|1,0.979579|0.019575|0.000468,True
n724,724,26,2588.98,979.19,0.521392889399203,26,True,26|21|23,0.608309|0.390173|0.000319,True
n724,724,26,2588.98,979.19,1.44421769211665,21,False,21|26|1,0.525415|0.461309|0.009416,True
n724,724,26,2588.98,979.19,1.41616515675349,21,False,21|26|1,0.975726|0.020136|0.002594,True
n724,724,26,2588.98,979.19,0.790339510752911,21,False,21|26|1,0.603349|0.394653|0.001004,True
n724,724,26,2588.98,979.19,0.92456451343024,21,False,21|26|1,0.912724|0.083670|0.002568,True
n724,724,26,2588.98,979.19,0.52307594893854,21,False,21|26|1,0.614941|0.382484|0.001032,True
n724,724,26,2588.98,979.19,1.73314366001344,26,True,26|21|1,0.501578|0.477785|0.018115,True
n724,724,26,2588.98,979.19,0.997129346151083,21,False,21|26|1,0.763413|0.218601|0.014910,True
n724,724,26,2588.98,979.19,1.62924123336109,26,True,26|21|1,0.695604|0.300464|0.003169,True
n724,724,26,2588.98,979.19,1.01305067478518,21,False,21|26|1,0.938301|0.057056|0.003311,True
n725,725,26,2646.7,993.94,1.08990660112082,21,False,21|26|1,0.694272|0.298751|0.005455,True
n725,725,26,2646.7,993.94,0.597250976962652,21,False,21|26|1,0.983636|0.013167|0.001903,True
n725,725,26,2646.7,993.94,1.33261882571886,21,False,21|26|1,0.774519|0.222418|0.001722,True
n725,725,26,2646.7,993.94,0.96128267838714,21,False,21|26|1,0.927035|0.071041|0.001099,True
n725,725,26,2646.7,993.94,1.24708543857234,21,False,21|26|1,0.918076|0.059132|0.017410,True
n725,725,26,2646.7,993.94,1.27855480602113,21,False,21|26|1,0.985777|0.013270|0.000693,True
n725,725,26,2646.7,993.94,2.2414565864417,21,False,21|26|1,0.808510|0.187011|0.002582,True
n725,725,26,2646.7,993.94,2.0033335429671,21,False,21|26|1,0.591727|0.401380|0.004728,True
n725,725,26,2646.7,993.94,1.43129491159542,21,False,21|26|1,0.569101|0.420002|0.008589,True
n725,725,26,2646.7,993.94,0.784374556879546,21,False,21|26|1,0.982128|0.015601|0.001035,True
n725,725,26,2646.7,993.94,0.459690528041141,21,False,21|26|1,0.564603|0.390423|0.022479,True
n725,725,26,2646.7,993.94,1.56721934730397,21,False,21|26|1,0.823577|0.174471|0.001446,True
n725,725,26,2646.7,993.94,0.763331403673136,26,True,26|21|1,0.645575|0.348024|0.003575,True
n725,725,26,2646.7,993.94,1.23370066153033,21,False,21|26|1,0.738865|0.254459|0.004751,True
n725,725,26,2646.7,993.94,0.485546063406083,26,True,26|21|1,0.780809|0.216847|0.001210,True
n725,725,26,2646.7,993.94,0.967074254359604,26,True,26|21|1,0.886636|0.107739|0.004494,True
n725,725,26,2646.7,993.94,1.89012542521741,21,False,21|26|1,0.923696|0.073963|0.001071,True
n725,725,26,2646.7,993.94,0.927633508669803,21,False,21|26|1,0.956826|0.040412|0.002144,True
n725,725,26,2646.7,993.94,0.783978774430139,21,False,21|26|1,0.589319|0.405407|0.002849,True
n725,725,26,2646.7,993.94,2.19115098818233,21,False,21|26|1,0.767078|0.222380|0.008154,True
n731,731,1,2713.39,704.58,1.32541858436553,4,False,4|29|1,0.754439|0.134226|0.035675,True
n731,731,1,2713.39,704.58,1.14754278638166,4,False,4|1|29,0.614335|0.376626|0.006279,True
n731,731,1,2713.39,704.58,1.96666244454358,1,True,1|4|29,0.914897|0.083040|0.000567,True
n731,731,1,2713.39,704.58,1.37239251421486,4,False,4|1|10,0.581925|0.411864|0.002171,True
n731,731,1,2713.39,704.58,1.10710725162424,1,True,1|4|29,0.905628|0.088267|0.003685,True
n731,731,1,2713.39,704.58,0.53012812594208,4,False,4|1|29,0.557234|0.423363|0.009634,True
n731,731,1,2713.39,704.58,0.526693924540728,1,True,1|4|29,0.699122|0.119308|0.118633,True
n731,731,1,2713.39,704.58,0.493812783477897,1,True,1|4|29,0.657191|0.314530|0.018446,True
n731,731,1,2713.39,704.58,0.798351400298561,4,False,4|1|23,0.902135|0.093352|0.001309,True
n731,731,1,2713.39,704.58,1.16218847487941,4,False,4|1|10,0.879425|0.109656|0.002996,True
n731,731,1,2713.39,704.58,1.78806125989366,1,True,1|4|29,0.914117|0.082194|0.001082,True
n731,731,1,2713.39,704.58,1.09150586948489,4,False,4|1|23,0.721395|0.269895|0.002864,True
n731,731,1,2713.39,704.58,0.884390084839734,1,True,1|4|29,0.705392|0.282714|0.004962,True
n731,731,1,2713.39,704.58,0.798687485370721,1,True,1|4|10,0.873816|0.119515|0.002844,True
n731,731,1,2713.39,704.58,2.01552746622548,1,True,1|4|29,0.954820|0.039584|0.002030,True
n731,731,1,2713.39,704.58,2.04152321363923,1,True,1|4|10,0.946876|0.051076|0.000655,True
n731,731,1,2713.39,704.58,1.57586709012506,1,True,1|4|10,0.810304|0.181411|0.004859,True
n731,731,1,2713.39,704.58,0.551652068765874,10,False,10|4|1,0.911955|0.067964|0.017820,True
n731,731,1,2713.39,704.58,1.24686387844088,1,True,1|4|29,0.960726|0.034287|0.002900,True
n731,731,1,2713.39,704.58,1.84810050035206,1,True,1|4|29,0.959366|0.037846|0.000963,True
n742,742,1,2581.0,658.66,1.9193844663598,1,True,1|4|29,0.671896|0.134716|0.113152,True
n742,742,1,2581.0,658.66,1.49341159024848,29,False,29|10|23,0.506324|0.361701|0.112688,False
n742,742,1,2581.0,658.66,2.09909706893185,4,False,4|1|29,0.479697|0.333049|0.124147,True
n742,742,1,2581.0,658.66,1.18547989792136,29,False,29|4|1,0.521655|0.209641|0.188930,True
n742,742,1,2581.0,658.66,1.31593032535884,10,False,10|29|1,0.301171|0.294398|0.200266,True
n742,742,1,2581.0,658.66,1.11348222896765,29,False,29|4|10,0.911438|0.061709|0.019472,False
n742,742,1,2581.0,658.66,1.4458865878244,29,False,29|1|10,0.339292|0.266895|0.254049,True
n742,742,1,2581.0,658.66,1.285875314976,4,False,4|1|29,0.805320|0.091880|0.058293,True
n742,742,1,2581.0,658.66,0.715570097296889,29,False,29|10|4,0.535064|0.347515|0.095007,False
n742,742,1,2581.0,658.66,0.766215565985836,10,False,10|29|4,0.396276|0.386307|0.114816,False
n742,742,1,2581.0,658.66,0.515167343163905,29,False,29|10|4,0.757894|0.211254|0.015886,False
n742,742,1,2581.0,658.66,0.989879188610937,29,False,29|1|4,0.521783|0.236527|0.180327,True
n742,742,1,2581.0,658.66,1.8937707574634,29,False,29|10|4,0.834193|0.111601|0.041121,False
n742,742,1,2581.0,658.66,1.21266844188584,10,False,10|1|29,0.870137|0.114959|0.008657,True
n742,742,1,2581.0,658.66,1.55294756120686,4,False,4|1|29,0.447538|0.361348|0.122946,True
n742,742,1,2581.0,658.66,1.56415466943119,29,False,29|4|1,0.604866|0.217501|0.137338,True
n742,742,1,2581.0,658.66,1.47322668925584,29,False,29|1|10,0.725156|0.120393|0.076287,True
n742,742,1,2581.0,658.66,0.926764673913057,29,False,29|10|4,0.375087|0.347479|0.266663,False
n742,742,1,2581.0,658.66,1.88975807501495,29,False,29|4|10,0.622055|0.232425|0.093326,False
n742,742,1,2581.0,658.66,0.934165174658301,4,False,4|29|10,0.524092|0.353130|0.080579,False
n744,744,1,2674.62,653.14,1.07880459396571,29,False,29|10|1,0.674476|0.263061|0.048878,True
n744,744,1,2674.62,653.14,1.02018968344128,1,True,1|10|4,0.421328|0.323638|0.175363,True
n744,744,1,2674.62,653.14,0.780389392936312,10,False,10|29|1,0.721467|0.192634|0.054616,True
n744,744,1,2674.62,653.14,1.22317422522535,10,False,10|29|1,0.729075|0.238632|0.023971,True
n744,744,1,2674.62,653.14,0.504492181921003,29,False,29|4|1,0.658351|0.214062|0.111222,True
n744,744,1,2674.62,653.14,0.457721115558894,19,False,19|29|4,0.386420|0.348648|0.140745,False
n744,744,1,2674.62,653.14,0.762617635125888,1,True,1|29|4,0.600887|0.192185|0.142459,True
n744,744,1,2674.62,653.14,0.947774221673463,29,False,29|10|4,0.830825|0.136311|0.015791,False
n744,744,1,2674.62,653.14,1.03503607276038,1,True,1|29|10,0.511499|0.309308|0.138288,True
n744,744,1,2674.62,653.14,1.60423192274224,29,False,29|4|10,0.893435|0.070391|0.022439,False
n744,744,1,2674.62,653.14,1.7580727979456,29,False,29|4|1,0.843540|0.124500|0.022762,True
n744,744,1,2674.62,653.14,0.460011249944825,10,False,10|1|29,0.706685|0.138864|0.138790,True
n744,744,1,2674.62,653.14,2.45085947070665,1,True,1|4|29,0.396964|0.373972|0.158427,True
n744,744,1,2674.62,653.14,0.863055056740549,1,True,1|29|10,0.480672|0.275929|0.217448,True
n744,744,1,2674.62,653.14,2.07041036427159,10,False,10|1|4,0.464152|0.317732|0.116296,True
n744,744,1,2674.62,653.14,1.17155288062435,4,False,4|29|1,0.785186|0.157437|0.040579,True
n744,744,1,2674.62,653.14,2.3675869813599,4,False,4|1|10,0.639143|0.262638|0.058354,True
n744,744,1,2674.62,653.14,0.476989903265077,29,False,29|4|10,0.781373|0.100883|0.080950,False
n744,744,1,2674.62,653.14,2.0282481772446,1,True,1|4|10,0.575598|0.346866|0.049370,True
n744,744,1,2674.62,653.14,1.49101962446871,10,False,10|1|29,0.821745|0.125444|0.034605,True
n745,745,1,2721.42,650.38,1.24990054528746,1,True,1|10|29,0.540512|0.248544|0.164451,True
n745,745,1,2721.42,650.38,0.517726028062628,29,False,29|4|1,0.561371|0.265545|0.132238,True
n745,745,1,2721.42,650.38,0.938313750356222,29,False,29|10|4,0.748376|0.177566|0.040265,False
n745,745,1,2721.42,650.38,1.32452057025477,10,False,10|29|1,0.572814|0.183744|0.127637,True
n745,745,1,2721.42,650.38,0.974239384200078,29,False,29|4|10,0.782834|0.102155|0.088616,False
n745,745,1,2721.42,650.38,1.14227484069202,29,False,29|1|10,0.817502|0.074087|0.060160,True
n745,745,1,2721.42,650.38,0.485227720399982,29,False,29|10|1,0.833567|0.085435|0.047988,True
n745,745,1,2721.42,650.38,1.38888306339324,1,True,1|10|29,0.494539|0.305118|0.131721,True
n745,745,1,2721.42,650.38,0.532700968518955,1,True,1|4|10,0.626998|0.320665|0.028282,True
n745,745,1,2721.42,650.38,1.73061685247213,29,False,29|10|4,0.704808|0.166432|0.093885,False
n745,745,1,2721.42,650.38,1.79961829015336,29,False,29|1|4,0.625863|0.176872|0.167610,True
n745,745,1,2721.42,650.38,0.934297791887995,10,False,10|29|23,0.590242|0.361523|0.024279,False
n745,745,1,2721.42,650.38,2.13872852272458,1,True,1|29|4,0.822833|0.068065|0.064583,True
n745,745,1,2721.42,650.38,1.16774774479914,1,True,1|10|29,0.854819|0.068748|0.046386,True
n745,745,1,2721.42,650.38,0.834944033352064,10,False,10|29|1,0.878803|0.068701|0.049934,True
n745,745,1,2721.42,650.38,0.511169391151759,29,False,29|4|10,0.441278|0.426099|0.088626,False
n745,745,1,2721.42,650.38,0.505733622175932,10,False,10|1|29,0.461357|0.355252|0.146422,True
n745,745,1,2721.42,650.38,1.95367943159659,1,True,1|29|4,0.541079|0.274025|0.174700,True
n745,745,1,2721.42,650.38,2.23918665704186,1,True,1|4|10,0.430495|0.427237|0.083178,True
n745,745,1,2721.42,650.38,0.51140523332231,29,False,29|10|4,0.724566|0.259857|0.011981,False
n749,749,26,2802.18,898.45,1.92857452420694,1,False,1|26|10,0.986027|0.011632|0.000942,True
n749,749,26,2802.18,898.45,0.476762400397504,26,True,26|1|21,0.894049|0.095432|0.002716,True
n749,749,26,2802.18,898.45,1.69589473455457,1,False,1|26|21,0.964570|0.028126|0.002615,True
n749,749,26,2802.18,898.45,0.751304657149023,1,False,1|26|10,0.829048|0.153467|0.011710,True
n749,749,26,2802.18,898.45,0.748339596525797,26,True,26|1|21,0.905614|0.088544|0.003237,True
n749,749,26,2802.18,898.45,1.34182441322992,1,False,1|21|26,0.977561|0.010488|0.007666,True
n749,749,26,2802.18,898.45,0.95753788770019,1,False,1|26|21,0.932994|0.054640|0.008431,True
n749,749,26,2802.18,898.45,0.492333573393629,26,True,26|1|4,0.982907|0.010981|0.002966,True
n749,749,26,2802.18,898.45,1.89798749727853,1,False,1|26|4,0.971414|0.025796|0.001113,True
n749,749,26,2802.18,898.45,0.479858751732609,26,True,26|1|21,0.997576|0.001532|0.000418,True
n749,749,26,2802.18,898.45,0.748360979780953,26,True,26|1|21,0.951471|0.045787|0.000654,True
n749,749,26,2802.18,898.45,0.447730279433111,26,True,26|1|21,0.993818|0.003595|0.001317,True
n749,749,26,2802.18,898.45,0.560847570571243,26,True,26|1|10,0.976947|0.021624|0.000312,True
n749,749,26,2802.18,898.45,0.555689209744725,26,True,26|1|21,0.959340|0.037691|0.001190,True
n749,749,26,2802.18,898.45,1.02912236143137,1,False,1|26|10,0.950194|0.044380|0.002271,True
n749,749,26,2802.18,898.45,1.56887011638944,1,False,1|26|10,0.943944|0.051386|0.002003,True
n749,749,26,2802.18,898.45,1.48069871422131,1,False,1|26|10,0.977922|0.017076|0.002461,True
n749,749,26,2802.18,898.45,0.741606083911255,26,True,26|1|21,0.712094|0.279150|0.004114,True
n749,749,26,2802.18,898.45,1.55901249210641,1,False,1|26|10,0.941903|0.052917|0.002664,True
n749,749,26,2802.18,898.45,1.39713046412364,1,False,1|26|10,0.935655|0.055076|0.007295,True
n753,753,29,2628.5,591.7,0.735660591759037,29,True,29|10|4,0.692343|0.210738|0.084363,True
n753,753,29,2628.5,591.7,0.722185950610504,29,True,29|10|4,0.799120|0.064911|0.042130,True
n753,753,29,2628.5,591.7,1.03373878076291,29,True,29|10|4,0.804781|0.118392|0.069041,True
n753,753,29,2628.5,591.7,1.68297936893729,29,True,29|10|1,0.651973|0.333464|0.012790,True
n753,753,29,2628.5,591.7,2.06169731858449,29,True,29|10|4,0.891154|0.098264|0.006831,True
n753,753,29,2628.5,591.7,0.987968299420759,29,True,29|10|4,0.600760|0.372996|0.018385,True
n753,753,29,2628.5,591.7,1.83582548367672,10,False,10|29|1,0.619743|0.336940|0.028934,True
n753,753,29,2628.5,591.7,1.68327191406032,29,True,29|10|1,0.579624|0.410734|0.004837,True
n753,753,29,2628.5,591.7,2.30033461123856,29,True,29|10|1,0.823661|0.165428|0.006336,True
n753,753,29,2628.5,591.7,0.552602328836199,10,False,10|29|1,0.678365|0.285534|0.019554,True
n753,753,29,2628.5,591.7,1.4278667298718,10,False,10|29|1,0.844495|0.116631|0.037344,True
n753,753,29,2628.5,591.7,0.489473928893126,10,False,10|29|19,0.606109|0.308784|0.033565,True
n753,753,29,2628.5,591.7,0.978675984766052,10,False,10|29|1,0.893484|0.049155|0.028368,True
n753,753,29,2628.5,591.7,0.960448671932928,29,True,29|10|4,0.512501|0.413470|0.051012,True
n753,753,29,2628.5,591.7,0.761028633175081,10,False,10|29|1,0.711802|0.161183|0.076698,True
n753,753,29,2628.5,591.7,1.72450624754421,29,True,29|10|4,0.847918|0.129921|0.015244,True
n753,753,29,2628.5,591.7,1.96964502328171,10,False,10|29|4,0.758831|0.226926|0.005551,True
n753,753,29,2628.5,591.7,0.776611514582809,29,True,29|4|10,0.964885|0.015597|0.010105,True
n753,753,29,2628.5,591.7,0.78030112106173,29,True,29|10|4,0.972469|0.018457|0.004016,True
n753,753,29,2628.5,591.7,0.8843608591274,10,False,10|29|4,0.659584|0.311296|0.017104,True
n761,761,29,2522.09,396.82,1.64127685320339,29,True,29|10|4,0.753179|0.234447|0.007552,True
n761,761,29,2522.09,396.82,1.01482087994112,10,False,10|29|19,0.501426|0.470004|0.022187,True
n761,761,29,2522.09,396.82,1.01634021550754,29,True,29|19|23,0.979898|0.017084|0.001100,True
n761,761,29,2522.09,396.82,1.20742541104502,29,True,29|19|23,0.834462|0.152846|0.005536,True
n761,761,29,2522.09,396.82,0.951978481293854,29,True,29|19|4,0.939944|0.048680|0.009119,True
n761,761,29,2522.09,396.82,0.874193800433833,29,True,29|10|19,0.972193|0.015481|0.007642,True
n761,761,29,2522.09,396.82,0.52708840044062,19,False,19|29|4,0.664504|0.288303|0.017949,True
n761,761,29,2522.09,396.82,0.791991435582365,29,True,29|19|23,0.582070|0.410463|0.003603,True
n761,761,29,2522.09,396.82,0.686239518543415,29,True,29|19|4,0.349490|0.331752|0.286307,True
n761,761,29,2522.09,396.82,0.525010112634018,29,True,29|10|4,0.893097|0.070060|0.019528,True
n761,761,29,2522.09,396.82,0.987632949844142,29,True,29|4|19,0.991329|0.003502|0.001994,True
n761,761,29,2522.09,396.82,1.32036152449727,29,True,29|4|19,0.972487|0.013199|0.012540,True
n761,761,29,2522.09,396.82,0.901929779517719,29,True,29|10|1,0.499353|0.492682|0.002794,True
n761,761,29,2522.09,396.82,1.93059077529204,29,True,29|19|4,0.933892|0.043382|0.010430,True
n761,761,29,2522.09,396.82,2.13217848037136,29,True,29|10|19,0.923611|0.054347|0.018274,True
n761,761,29,2522.09,396.82,1.25915500481812,19,False,19|29|4,0.701004|0.275251|0.020242,True
n761,761,29,2522.09,396.82,1.30300513120619,29,True,29|10|19,0.910164|0.079815|0.006633,True
n761,761,29,2522.09,396.82,0.768336462893114,29,True,29|10|4,0.895443|0.067360|0.020299,True
n761,761,29,2522.09,396.82,0.955490626883112,29,True,29|19|10,0.993841|0.002450|0.001999,True
n761,761,29,2522.09,396.82,0.556553609524991,10,False,10|29|1,0.953351|0.037905|0.002998,True
n764,764,10,2708.51,543.91,1.29437161667166,29,False,29|10|1,0.521496|0.467416|0.004968,True
n764,764,10,2708.51,543.91,0.971731255560589,10,True,10|1|29,0.470068|0.306702|0.218820,True
n764,764,10,2708.51,543.91,2.04819782161293,10,True,10|29|1,0.817969|0.170003|0.005362,True
n764,764,10,2708.51,543.91,0.819426102083892,29,False,29|4|10,0.813401|0.075877|0.066663,True
n764,764,10,2708.51,543.91,0.511933653537188,29,False,29|10|4,0.859630|0.087630|0.029053,True
n764,764,10,2708.51,543.91,1.82918364997179,29,False,29|10|1,0.658754|0.339754|0.000489,True
n764,764,10,2708.51,543.91,0.754269415343984,29,False,29|10|19,0.840575|0.122759|0.019115,True
n764,764,10,2708.51,543.91,2.03420601994089,10,True,10|4|1,0.583055|0.199250|0.129855,True
n764,764,10,2708.51,543.91,2.21250959870279,29,False,29|10|4,0.981431|0.006993|0.005111,True
n764,764,10,2708.51,543.91,0.481155157343562,29,False,29|10|1,0.715197|0.133418|0.090164,True
n764,764,10,2708.51,543.91,1.19788385100804,29,False,29|10|1,0.803456|0.107784|0.051452,True
n764,764,10,2708.51,543.91,1.13425696863888,29,False,29|10|4,0.746167|0.232480|0.013418,True
n764,764,10,2708.51,543.91,0.518669297770216,29,False,29|10|1,0.525642|0.414055|0.039733,True
n764,764,10,2708.51,543.91,1.13430572148041,10,True,10|29|1,0.862697|0.133393|0.003065,True
n764,764,10,2708.51,543.91,0.545905917600821,4,False,4|29|1,0.777728|0.094337|0.066638,False
n764,764,10,2708.51,543.91,1.98901085609001,29,False,29|4|1,0.968139|0.015634|0.009028,False
n764,764,10,2708.51,543.91,1.51766099297311,10,True,10|29|1,0.712111|0.263967|0.021356,True
n764,764,10,2708.51,543.91,0.94559456491206,10,True,10|29|4,0.497593|0.484352|0.006910,True
n764,764,10,2708.51,543.91,0.495634513915603,29,False,29|1|10,0.663692|0.188524|0.082145,True
n764,764,10,2708.51,543.91,0.733885203459981,4,False,4|29|1,0.535157|0.269746|0.118875,False
n771,771,29,2614.73,390.2,0.471965263963687,1,False,1|10|29,0.517615|0.246390|0.200537,True
n771,771,29,2614.73,390.2,0.733070929368837,29,True,29|19|4,0.883346|0.058082|0.043372,True
n771,771,29,2614.73,390.2,0.50046976640338,29,True,29|4|1,0.668929|0.099354|0.079872,True
n771,771,29,2614.73,390.2,0.762202366373686,29,True,29|10|1,0.575154|0.241394|0.130992,True
n771,771,29,2614.73,390.2,1.02757370677695,29,True,29|10|19,0.607282|0.379397|0.007816,True
n771,771,29,2614.73,390.2,1.10255040750337,10,False,10|29|19,0.803590|0.183427|0.006742,True
n771,771,29,2614.73,390.2,1.19151930108336,29,True,29|10|19,0.975090|0.021196|0.002107,True
n771,771,29,2614.73,390.2,2.03882706063195,29,True,29|10|4,0.731084|0.262378|0.003139,True
n771,771,29,2614.73,390.2,1.2711311069815,10,False,10|29|23,0.595128|0.399450|0.001726,True
n771,771,29,2614.73,390.2,1.86341684326037,29,True,29|10|4,0.932046|0.057708|0.004661,True
n771,771,29,2614.73,390.2,1.58561067304727,29,True,29|10|19,0.593864|0.402033|0.001585,True
n771,771,29,2614.73,390.2,0.995529559769983,29,True,29|10|19,0.821209|0.152155|0.011434,True
n771,771,29,2614.73,390.2,1.62002929877124,29,True,29|4|23,0.988361|0.007211|0.001337,True
n771,771,29,2614.73,390.2,1.71576317912023,29,True,29|10|19,0.966574|0.027754|0.002055,True
n771,771,29,2614.73,390.2,1.09352790297754,29,True,29|10|4,0.827238|0.163915|0.003786,True
n771,771,29,2614.73,390.2,1.11687922885571,10,False,10|29|1,0.992883|0.005128|0.001173,True
n771,771,29,2614.73,390.2,0.504460510637794,4,False,4|29|1,0.857538|0.073638|0.038625,True
n771,771,29,2614.73,390.2,0.934456615327283,29,True,29|19|10,0.921714|0.059362|0.013432,True
n771,771,29,2614.73,390.2,0.53980891423226,4,False,4|1|19,0.658499|0.104636|0.080933,False
n771,771,29,2614.73,390.2,1.22000713155156,10,False,10|29|4,0.602233|0.390007|0.002605,True
n772,772,10,2669.1,381.98,0.476748243960251,29,False,29|4|19,0.838651|0.112313|0.018290,False
n772,772,10,2669.1,381.98,1.90877105692853,10,True,10|29|19,0.943822|0.055065|0.000401,True
n772,772,10,2669.1,381.98,0.733952982570655,29,False,29|10|19,0.988070|0.007481|0.002210,True
n772,772,10,2669.1,381.98,0.977288447552201,10,True,10|29|4,0.935837|0.058766|0.001205,True
n772,772,10,2669.1,381.98,1.91587378286736,10,True,10|29|4,0.772639|0.202475|0.013618,True
n772,772,10,2669.1,381.98,1.35882145682694,29,False,29|10|4,0.617349|0.377697|0.001987,True
n772,772,10,2669.1,381.98,1.11636589679205,10,True,10|29|4,0.536798|0.399998|0.058467,True
n772,772,10,2669.1,381.98,1.17350024847253,29,False,29|10|1,0.899343|0.049391|0.032472,True
n772,772,10,2669.1,381.98,1.36970875333225,10,True,10|29|1,0.942954|0.050570|0.002342,True
n772,772,10,2669.1,381.98,0.530729996623978,10,True,10|29|4,0.414057|0.337195|0.147782,True
n772,772,10,2669.1,381.98,1.11852404128097,10,True,10|29|19,0.893152|0.101105|0.003120,True
n772,772,10,2669.1,381.98,1.44001746872453,29,False,29|19|10,0.900796|0.092294|0.002700,True
n772,772,10,2669.1,381.98,1.17123776390063,10,True,10|29|1,0.805062|0.178411|0.008152,True
n772,772,10,2669.1,381.98,1.33107361907058,29,False,29|10|4,0.889291|0.089711|0.009587,True
n772,772,10,2669.1,381.98,0.427128894107075,10,True,10|4|29,0.672960|0.119896|0.110831,True
n772,772,10,2669.1,381.98,1.09981682037381,29,False,29|4|10,0.973170|0.007306|0.006876,True
n772,772,10,2669.1,381.98,1.95825795781716,10,True,10|29|19,0.634299|0.361161|0.002044,True
n772,772,10,2669.1,381.98,1.85523102219261,10,True,10|29|4,0.907730|0.067367|0.022687,True
n772,772,10,2669.1,381.98,0.837940666804646,29,False,29|10|19,0.847751|0.131973|0.008689,True
n772,772,10,2669.1,381.98,1.41668147270023,29,False,29|10|4,0.637798|0.355949|0.002007,True
